run_accession	sample_accession	study_accession	scientific_name	first_public	instrument_platform	instrument_model	library_strategy	library_selection	library_source	country	collection_date	isolation_source	location	host	sample_title
ERR490573	SAMEA2298701	PRJEB2655	Staphylococcus aureus	2014-04-28	ILLUMINA	Illumina HiSeq 2000	WGS	RANDOM	GENOMIC	Tanzania	2008	Nasal		Homo sapiens	12291_8#2
ERR490576	SAMEA2298704	PRJEB2655	Staphylococcus aureus	2014-04-28	ILLUMINA	Illumina HiSeq 2000	WGS	RANDOM	GENOMIC	Tanzania	2008	Wound		Homo sapiens	12291_8#5
ERR490577	SAMEA2298705	PRJEB2655	Staphylococcus aureus	2014-04-28	ILLUMINA	Illumina HiSeq 2000	WGS	RANDOM	GENOMIC	Tanzania	2008	Nasal		Homo sapiens	12291_8#6
ERR490586	SAMEA2298714	PRJEB2655	Staphylococcus aureus	2014-04-28	ILLUMINA	Illumina HiSeq 2000	WGS	RANDOM	GENOMIC	Tanzania	2008	Wound		Homo sapiens	12291_8#15
ERR490587	SAMEA2298715	PRJEB2655	Staphylococcus aureus	2014-04-28	ILLUMINA	Illumina HiSeq 2000	WGS	RANDOM	GENOMIC	Tanzania	2008	Wound		Homo sapiens	12291_8#16
ERR490596	SAMEA2298724	PRJEB2655	Staphylococcus aureus	2014-04-28	ILLUMINA	Illumina HiSeq 2000	WGS	RANDOM	GENOMIC	Tanzania	2008	Wound		Homo sapiens	12291_8#25
ERR490601	SAMEA2298729	PRJEB2655	Staphylococcus aureus	2014-04-28	ILLUMINA	Illumina HiSeq 2000	WGS	RANDOM	GENOMIC	Tanzania	2008	Wound		Homo sapiens	12291_8#30
ERR490602	SAMEA2298730	PRJEB2655	Staphylococcus aureus	2014-04-28	ILLUMINA	Illumina HiSeq 2000	WGS	RANDOM	GENOMIC	Tanzania	2009	Blood		Homo sapiens	12291_8#31
ERR490603	SAMEA2298731	PRJEB2655	Staphylococcus aureus	2014-04-28	ILLUMINA	Illumina HiSeq 2000	WGS	RANDOM	GENOMIC	Tanzania	2008	Wound		Homo sapiens	12291_8#32
ERR490607	SAMEA2298735	PRJEB2655	Staphylococcus aureus	2014-04-28	ILLUMINA	Illumina HiSeq 2000	WGS	RANDOM	GENOMIC	Tanzania	2013	Wound		Homo sapiens	12291_8#36
ERR490616	SAMEA2298744	PRJEB2655	Staphylococcus aureus	2014-04-28	ILLUMINA	Illumina HiSeq 2000	WGS	RANDOM	GENOMIC	Tanzania	2012	Wound		Homo sapiens	12291_8#45
ERR490621	SAMEA2298749	PRJEB2655	Staphylococcus aureus	2014-04-28	ILLUMINA	Illumina HiSeq 2000	WGS	RANDOM	GENOMIC	Tanzania	2008	Wound		Homo sapiens	12291_8#50
ERR490622	SAMEA2298750	PRJEB2655	Staphylococcus aureus	2014-04-28	ILLUMINA	Illumina HiSeq 2000	WGS	RANDOM	GENOMIC	Tanzania	2008	Wound		Homo sapiens	12291_8#51
ERR490627	SAMEA2298755	PRJEB2655	Staphylococcus aureus	2014-04-28	ILLUMINA	Illumina HiSeq 2000	WGS	RANDOM	GENOMIC	Tanzania	2008	Nasal		Homo sapiens	12291_8#56
ERR490632	SAMEA2298760	PRJEB2655	Staphylococcus aureus	2014-04-28	ILLUMINA	Illumina HiSeq 2000	WGS	RANDOM	GENOMIC	Tanzania	2013	Wound		Homo sapiens	12291_8#61
ERR505339	SAMEA2298701	PRJEB2655	Staphylococcus aureus	2014-05-19	ILLUMINA	Illumina HiSeq 2000	WGS	RANDOM	GENOMIC	Tanzania	2008	Nasal		Homo sapiens	12291_8#2
ERR505342	SAMEA2298704	PRJEB2655	Staphylococcus aureus	2014-05-19	ILLUMINA	Illumina HiSeq 2000	WGS	RANDOM	GENOMIC	Tanzania	2008	Wound		Homo sapiens	12291_8#5
ERR505345	SAMEA2298707	PRJEB2655	Staphylococcus aureus	2014-05-19	ILLUMINA	Illumina HiSeq 2000	WGS	RANDOM	GENOMIC	Tanzania	2012	Wound		Homo sapiens	12291_8#8
ERR505349	SAMEA2298711	PRJEB2655	Staphylococcus aureus	2014-05-19	ILLUMINA	Illumina HiSeq 2000	WGS	RANDOM	GENOMIC	Tanzania	2008	Wound		Homo sapiens	12291_8#12
ERR505352	SAMEA2298714	PRJEB2655	Staphylococcus aureus	2014-05-19	ILLUMINA	Illumina HiSeq 2000	WGS	RANDOM	GENOMIC	Tanzania	2008	Wound		Homo sapiens	12291_8#15
ERR505354	SAMEA2298716	PRJEB2655	Staphylococcus aureus	2014-05-19	ILLUMINA	Illumina HiSeq 2000	WGS	RANDOM	GENOMIC	Tanzania	2012	Wound		Homo sapiens	12291_8#17
ERR505356	SAMEA2298718	PRJEB2655	Staphylococcus aureus	2014-05-19	ILLUMINA	Illumina HiSeq 2000	WGS	RANDOM	GENOMIC	Tanzania	2008	Wound		Homo sapiens	12291_8#19
ERR505357	SAMEA2298719	PRJEB2655	Staphylococcus aureus	2014-05-19	ILLUMINA	Illumina HiSeq 2000	WGS	RANDOM	GENOMIC	Tanzania	2013	Wound		Homo sapiens	12291_8#20
ERR505358	SAMEA2298720	PRJEB2655	Staphylococcus aureus	2014-05-19	ILLUMINA	Illumina HiSeq 2000	WGS	RANDOM	GENOMIC	Tanzania	2013	Nasal		Homo sapiens	12291_8#21
ERR505361	SAMEA2298723	PRJEB2655	Staphylococcus aureus	2014-05-19	ILLUMINA	Illumina HiSeq 2000	WGS	RANDOM	GENOMIC	Tanzania	2008	Wound		Homo sapiens	12291_8#24
ERR505363	SAMEA2298725	PRJEB2655	Staphylococcus aureus	2014-05-19	ILLUMINA	Illumina HiSeq 2000	WGS	RANDOM	GENOMIC	Tanzania	2005	Nasal		Homo sapiens	12291_8#26
ERR505367	SAMEA2298729	PRJEB2655	Staphylococcus aureus	2014-05-19	ILLUMINA	Illumina HiSeq 2000	WGS	RANDOM	GENOMIC	Tanzania	2008	Wound		Homo sapiens	12291_8#30
ERR505369	SAMEA2298731	PRJEB2655	Staphylococcus aureus	2014-05-19	ILLUMINA	Illumina HiSeq 2000	WGS	RANDOM	GENOMIC	Tanzania	2008	Wound		Homo sapiens	12291_8#32
ERR505375	SAMEA2298737	PRJEB2655	Staphylococcus aureus	2014-05-19	ILLUMINA	Illumina HiSeq 2000	WGS	RANDOM	GENOMIC	Tanzania	2013	Wound		Homo sapiens	12291_8#38
ERR505377	SAMEA2298739	PRJEB2655	Staphylococcus aureus	2014-05-19	ILLUMINA	Illumina HiSeq 2000	WGS	RANDOM	GENOMIC	Tanzania	2012	Wound		Homo sapiens	12291_8#40
ERR505379	SAMEA2298741	PRJEB2655	Staphylococcus aureus	2014-05-19	ILLUMINA	Illumina HiSeq 2000	WGS	RANDOM	GENOMIC	Tanzania	2008	Wound		Homo sapiens	12291_8#42
ERR505382	SAMEA2298744	PRJEB2655	Staphylococcus aureus	2014-05-19	ILLUMINA	Illumina HiSeq 2000	WGS	RANDOM	GENOMIC	Tanzania	2012	Wound		Homo sapiens	12291_8#45
ERR505385	SAMEA2298747	PRJEB2655	Staphylococcus aureus	2014-05-19	ILLUMINA	Illumina HiSeq 2000	WGS	RANDOM	GENOMIC	Tanzania	2008	Wound		Homo sapiens	12291_8#48
ERR505388	SAMEA2298750	PRJEB2655	Staphylococcus aureus	2014-05-19	ILLUMINA	Illumina HiSeq 2000	WGS	RANDOM	GENOMIC	Tanzania	2008	Wound		Homo sapiens	12291_8#51
ERR505393	SAMEA2298755	PRJEB2655	Staphylococcus aureus	2014-05-19	ILLUMINA	Illumina HiSeq 2000	WGS	RANDOM	GENOMIC	Tanzania	2008	Nasal		Homo sapiens	12291_8#56
ERR829971	SAMEA3109321	PRJEB2655	Staphylococcus aureus	2015-03-24	ILLUMINA	Illumina HiSeq 2000	WGS	RANDOM	GENOMIC	Tanzania	2014	Nasal		Homo sapiens	15056_7#55
ERR829972	SAMEA3109322	PRJEB2655	Staphylococcus aureus	2015-03-24	ILLUMINA	Illumina HiSeq 2000	WGS	RANDOM	GENOMIC	Tanzania	2014	Nasal		Homo sapiens	15056_7#56
ERR829974	SAMEA3109324	PRJEB2655	Staphylococcus aureus	2015-03-24	ILLUMINA	Illumina HiSeq 2000	WGS	RANDOM	GENOMIC	Tanzania	2014	Nasal		Homo sapiens	15056_7#58
ERR829977	SAMEA3109327	PRJEB2655	Staphylococcus aureus	2015-03-24	ILLUMINA	Illumina HiSeq 2000	WGS	RANDOM	GENOMIC	Tanzania	2014	Nasal		Homo sapiens	15056_7#61
ERR829979	SAMEA3109329	PRJEB2655	Staphylococcus aureus	2015-03-24	ILLUMINA	Illumina HiSeq 2000	WGS	RANDOM	GENOMIC	Tanzania	2014	Nasal		Homo sapiens	15056_7#63
ERR829980	SAMEA3109330	PRJEB2655	Staphylococcus aureus	2015-03-24	ILLUMINA	Illumina HiSeq 2000	WGS	RANDOM	GENOMIC	Tanzania	2014	Nasal		Homo sapiens	15056_7#64
ERR829981	SAMEA3109331	PRJEB2655	Staphylococcus aureus	2015-03-24	ILLUMINA	Illumina HiSeq 2000	WGS	RANDOM	GENOMIC	Tanzania	2014	Nasal		Homo sapiens	15056_7#65
ERR829983	SAMEA3109333	PRJEB2655	Staphylococcus aureus	2015-03-24	ILLUMINA	Illumina HiSeq 2000	WGS	RANDOM	GENOMIC	Tanzania	2014	Nasal		Homo sapiens	15056_7#67
ERR829986	SAMEA3109336	PRJEB2655	Staphylococcus aureus	2015-03-24	ILLUMINA	Illumina HiSeq 2000	WGS	RANDOM	GENOMIC	Tanzania	2014	Perineal		Bovine	15056_7#70
ERR12511686	SAMEA115113140	PRJEB71932	Staphylococcus aureus	2024-01-20	ILLUMINA	NextSeq 550	WGS	RANDOM	GENOMIC	Tanzania	2021		6.2 S 35.7 E	Homo sapiens	Staphylococcus aureus ST8 strain FFDD-103070-L4862
ERR12511687	SAMEA115113141	PRJEB71932	Staphylococcus aureus	2024-01-20	ILLUMINA	NextSeq 550	WGS	RANDOM	GENOMIC	Tanzania	2021		6.2 S 35.7 E	Homo sapiens	Staphylococcus aureus ST4495+ST88 strain FFDD-106-A
ERR12511688	SAMEA115113142	PRJEB71932	Staphylococcus aureus	2024-01-20	ILLUMINA	NextSeq 550	WGS	RANDOM	GENOMIC	Tanzania	2021		6.2 S 35.7 E	Homo sapiens	Staphylococcus aureus strain FFDD-1082
ERR12511693	SAMEA115113147	PRJEB71932	Staphylococcus aureus	2024-01-20	ILLUMINA	NextSeq 550	WGS	RANDOM	GENOMIC	Tanzania	2020	wound swab	6.2 S 35.7 E	Homo sapiens	Staphylococcus aureus ST4495+ST88 strain FFDD-2385
ERR12511700	SAMEA115113154	PRJEB71932	Staphylococcus aureus	2024-01-20	ILLUMINA	NextSeq 550	WGS	RANDOM	GENOMIC	Tanzania	2021		6.2 S 35.7 E	Homo sapiens	Staphylococcus aureus ST8 strain FFDD-481622L350
ERR12511701	SAMEA115113155	PRJEB71932	Staphylococcus aureus	2024-01-20	ILLUMINA	NextSeq 550	WGS	RANDOM	GENOMIC	Tanzania	2021	wound swab	6.2 S 35.7 E	Homo sapiens	Staphylococcus aureus ST8 strain FFDD-522065L407
ERR12511703	SAMEA115113157	PRJEB71932	Staphylococcus aureus	2024-01-20	ILLUMINA	NextSeq 550	WGS	RANDOM	GENOMIC	Tanzania	2021	wound swab	6.2 S 35.7 E	Homo sapiens	Staphylococcus aureus ST152 strain FFDD-552844-L956
ERR12511710	SAMEA115113164	PRJEB71932	Staphylococcus aureus	2024-01-20	ILLUMINA	NextSeq 550	WGS	RANDOM	GENOMIC	Tanzania	2021	wound swab	6.2 S 35.7 E	Homo sapiens	Staphylococcus aureus ST152 strain FFDD-575279L345
ERR12511720	SAMEA115113174	PRJEB71932	Staphylococcus aureus	2024-01-20	ILLUMINA	NextSeq 550	WGS	RANDOM	GENOMIC	Tanzania	2021		6.2 S 35.7 E	Homo sapiens	Staphylococcus aureus ST8 strain FFDD-700615-L1047
ERR12511724	SAMEA115113178	PRJEB71932	Staphylococcus aureus	2024-01-20	ILLUMINA	NextSeq 550	WGS	RANDOM	GENOMIC	Tanzania	2021		6.2 S 35.7 E	Homo sapiens	Staphylococcus aureus ST8 strain FFDD-709010-L1209
ERR12511731	SAMEA115113185	PRJEB71932	Staphylococcus aureus	2024-01-20	ILLUMINA	NextSeq 550	WGS	RANDOM	GENOMIC	Tanzania	2021	wound swab	6.2 S 35.7 E	Homo sapiens	Staphylococcus aureus ST8 strain FFDD-980-702981-SA
ERR12511733	SAMEA115113187	PRJEB71932	Staphylococcus aureus	2024-01-20	ILLUMINA	NextSeq 550	WGS	RANDOM	GENOMIC	Tanzania	2021	wound swab	4.9 S 29.6 E	Homo sapiens	Staphylococcus aureus ST8 strain FFKG-00-72-22
ERR12511734	SAMEA115113188	PRJEB71932	Staphylococcus aureus	2024-01-20	ILLUMINA	NextSeq 550	WGS	RANDOM	GENOMIC	Tanzania	2021	wound swab	6.8 S 37.7 E	Homo sapiens	Staphylococcus aureus ST8 strain FFMG-007-7-7-21-A
ERR12511735	SAMEA115113189	PRJEB71932	Staphylococcus aureus	2024-01-20	ILLUMINA	NextSeq 550	WGS	RANDOM	GENOMIC	Tanzania	2021	wound swab	6.8 S 37.7 E	Homo sapiens	Staphylococcus aureus strain FFMG-017-8-21
ERR12511738	SAMEA115113192	PRJEB71932	Staphylococcus aureus	2024-01-20	ILLUMINA	NextSeq 550	WGS	RANDOM	GENOMIC	Tanzania	2021	blood	6.8 S 37.7 E	Homo sapiens	Staphylococcus aureus ST8 strain FFMG-119-2-21
ERR12511740	SAMEA115113194	PRJEB71932	Staphylococcus aureus	2024-01-20	ILLUMINA	NextSeq 550	WGS	RANDOM	GENOMIC	Tanzania	2021	urine	6.8 S 37.7 E	Homo sapiens	Staphylococcus aureus ST8 strain FFMG-1296-4-21
ERR12511744	SAMEA115113198	PRJEB71932	Staphylococcus aureus	2024-01-20	ILLUMINA	NextSeq 550	WGS	RANDOM	GENOMIC	Tanzania	2021	blood	6.8 S 37.7 E	Homo sapiens	Staphylococcus aureus ST8 strain FFMG-189-1-21-B
ERR12511758	SAMEA115113212	PRJEB71932	Staphylococcus aureus	2024-01-20	ILLUMINA	NextSeq 550	WGS	RANDOM	GENOMIC	Tanzania	2021	wound swab	6.8 S 37.7 E	Homo sapiens	Staphylococcus aureus ST8 strain FFMG-347-07-21
ERR12511770	SAMEA115113224	PRJEB71932	Staphylococcus aureus	2024-01-20	ILLUMINA	NextSeq 550	WGS	RANDOM	GENOMIC	Tanzania	2021	wound swab	6.8 S 37.7 E	Homo sapiens	Staphylococcus aureus ST2430 strain FFMG-591-05-21
ERR12511771	SAMEA115113225	PRJEB71932	Staphylococcus aureus	2024-01-20	ILLUMINA	NextSeq 550	WGS	RANDOM	GENOMIC	Tanzania	2021		6.8 S 37.7 E	Homo sapiens	Staphylococcus aureus ST4495+ST88 strain FFMG-609-05-21
ERR12511772	SAMEA115113226	PRJEB71932	Staphylococcus aureus	2024-01-20	ILLUMINA	NextSeq 550	WGS	RANDOM	GENOMIC	Tanzania	2021	wound swab	6.8 S 37.7 E	Homo sapiens	Staphylococcus aureus ST8 strain FFMG-642-2-21-SA
ERR12511773	SAMEA115113227	PRJEB71932	Staphylococcus aureus	2024-01-20	ILLUMINA	NextSeq 550	WGS	RANDOM	GENOMIC	Tanzania	2021		6.8 S 37.7 E	Homo sapiens	Staphylococcus aureus ST152 strain FFMG-648-08-21
ERR12511784	SAMEA115113238	PRJEB71932	Staphylococcus aureus	2024-01-20	ILLUMINA	NextSeq 550	WGS	RANDOM	GENOMIC	Tanzania	2021	wound swab	6.8 S 37.7 E	Homo sapiens	Staphylococcus aureus ST152 strain FFMG-883-1-21
ERR12511787	SAMEA115113241	PRJEB71932	Staphylococcus aureus	2024-01-20	ILLUMINA	NextSeq 550	WGS	RANDOM	GENOMIC	Tanzania	2021	wound swab	6.8 S 37.7 E	Homo sapiens	Staphylococcus aureus ST8 strain FFMG-898-2-21-A
ERR12511790	SAMEA115113244	PRJEB71932	Staphylococcus aureus	2024-01-20	ILLUMINA	NextSeq 550	WGS	RANDOM	GENOMIC	Tanzania	2021	urine	6.8 S 37.7 E	Homo sapiens	Staphylococcus aureus ST8 strain FFMG-987-11-21-SA
ERR12511800	SAMEA115113254	PRJEB71932	Staphylococcus aureus	2024-01-20	ILLUMINA	NextSeq 550	WGS	RANDOM	GENOMIC	Tanzania	2021	wound swab	5.0 S 32.8 E	Homo sapiens	Staphylococcus aureus strain FFTB-32527
ERR12511813	SAMEA115113267	PRJEB71932	Staphylococcus aureus	2024-01-20	ILLUMINA	NextSeq 550	WGS	RANDOM	GENOMIC	Tanzania	2021	urine	5.0 S 32.8 E	Homo sapiens	Staphylococcus aureus ST8 strain FFTB-677
ERR12511815	SAMEA115113269	PRJEB71932	Staphylococcus aureus	2024-01-20	ILLUMINA	NextSeq 550	WGS	RANDOM	GENOMIC	Tanzania	2021	urine	6.2 S 39.3 E	Homo sapiens	Staphylococcus aureus ST4495+ST88 strain FFZB-104A
ERR12511820	SAMEA115113274	PRJEB71932	Staphylococcus aureus	2024-01-20	ILLUMINA	NextSeq 550	WGS	RANDOM	GENOMIC	Tanzania	2021	wound swab	6.2 S 39.3 E	Homo sapiens	Staphylococcus aureus ST4495+ST88 strain FFZB-140
ERR12511821	SAMEA115113275	PRJEB71932	Staphylococcus aureus	2024-01-20	ILLUMINA	NextSeq 550	WGS	RANDOM	GENOMIC	Tanzania	2021	blood	6.2 S 39.3 E	Homo sapiens	Staphylococcus aureus ST8 strain FFZB-143
ERR12511822	SAMEA115113276	PRJEB71932	Staphylococcus aureus	2024-01-20	ILLUMINA	NextSeq 550	WGS	RANDOM	GENOMIC	Tanzania	2021	blood	6.2 S 39.3 E	Homo sapiens	Staphylococcus aureus ST4495+ST88 strain FFZB-144-A
ERR12511823	SAMEA115113277	PRJEB71932	Staphylococcus aureus	2024-01-20	ILLUMINA	NextSeq 550	WGS	RANDOM	GENOMIC	Tanzania	2021	wound swab	6.2 S 39.3 E	Homo sapiens	Staphylococcus aureus ST4495+ST88 strain FFZB-147-A
ERR12511825	SAMEA115113279	PRJEB71932	Staphylococcus aureus	2024-01-20	ILLUMINA	NextSeq 550	WGS	RANDOM	GENOMIC	Tanzania	2021	blood	6.2 S 39.3 E	Homo sapiens	Staphylococcus aureus ST121 strain FFZB-150
ERR12511826	SAMEA115113280	PRJEB71932	Staphylococcus aureus	2024-01-20	ILLUMINA	NextSeq 550	WGS	RANDOM	GENOMIC	Tanzania	2021	wound swab	6.2 S 39.3 E	Homo sapiens	Staphylococcus aureus ST8 strain FFZB-154
ERR12511829	SAMEA115113283	PRJEB71932	Staphylococcus aureus	2024-01-20	ILLUMINA	NextSeq 550	WGS	RANDOM	GENOMIC	Tanzania	2021	wound swab	6.2 S 39.3 E	Homo sapiens	Staphylococcus aureus strain FFZB-17CNS
ERR12511830	SAMEA115113284	PRJEB71932	Staphylococcus aureus	2024-01-20	ILLUMINA	NextSeq 550	WGS	RANDOM	GENOMIC	Tanzania	2021	wound swab	6.2 S 39.3 E	Homo sapiens	Staphylococcus aureus ST8 strain FFZB-189
ERR12511832	SAMEA115113286	PRJEB71932	Staphylococcus aureus	2024-01-20	ILLUMINA	NextSeq 550	WGS	RANDOM	GENOMIC	Tanzania	2021	wound swab	6.2 S 39.3 E	Homo sapiens	Staphylococcus aureus strain FFZB-196
ERR12511834	SAMEA115113288	PRJEB71932	Staphylococcus aureus	2024-01-20	ILLUMINA	NextSeq 550	WGS	RANDOM	GENOMIC	Tanzania	2021	wound swab	6.2 S 39.3 E	Homo sapiens	Staphylococcus aureus ST4495+ST88 strain FFZB-200-B
ERR12511835	SAMEA115113289	PRJEB71932	Staphylococcus aureus	2024-01-20	ILLUMINA	NextSeq 550	WGS	RANDOM	GENOMIC	Tanzania	2021	wound swab	6.2 S 39.3 E	Homo sapiens	Staphylococcus aureus ST4495+ST88 strain FFZB-200-C
ERR12511836	SAMEA115113290	PRJEB71932	Staphylococcus aureus	2024-01-20	ILLUMINA	NextSeq 550	WGS	RANDOM	GENOMIC	Tanzania	2021	urine	6.2 S 39.3 E	Homo sapiens	Staphylococcus aureus ST8 strain FFZB-201-B
ERR12511837	SAMEA115113291	PRJEB71932	Staphylococcus aureus	2024-01-20	ILLUMINA	NextSeq 550	WGS	RANDOM	GENOMIC	Tanzania	2021	wound swab	6.2 S 39.3 E	Homo sapiens	Staphylococcus aureus ST4495+ST88 strain FFZB-217-A
ERR12511839	SAMEA115113293	PRJEB71932	Staphylococcus aureus	2024-01-20	ILLUMINA	NextSeq 550	WGS	RANDOM	GENOMIC	Tanzania	2021	wound swab	6.2 S 39.3 E	Homo sapiens	Staphylococcus aureus strain FFZB-51-B
ERR12511842	SAMEA115113296	PRJEB71932	Staphylococcus aureus	2024-01-20	ILLUMINA	NextSeq 550	WGS	RANDOM	GENOMIC	Tanzania	2021	wound swab	6.2 S 39.3 E	Homo sapiens	Staphylococcus aureus ST8 strain FFZB-64
ERR12511844	SAMEA115113298	PRJEB71932	Staphylococcus aureus	2024-01-20	ILLUMINA	NextSeq 550	WGS	RANDOM	GENOMIC	Tanzania	2021	blood	6.2 S 39.3 E	Homo sapiens	Staphylococcus aureus ST4495+ST88 strain FFZB-71
ERR12511846	SAMEA115113300	PRJEB71932	Staphylococcus aureus	2024-01-20	ILLUMINA	NextSeq 550	WGS	RANDOM	GENOMIC	Tanzania	2021	urine	6.2 S 39.3 E	Homo sapiens	Staphylococcus aureus ST8 strain FFZB-79-A
ERR12511847	SAMEA115113301	PRJEB71932	Staphylococcus aureus	2024-01-20	ILLUMINA	NextSeq 550	WGS	RANDOM	GENOMIC	Tanzania	2021	urine	6.2 S 39.3 E	Homo sapiens	Staphylococcus aureus ST4495+ST88 strain FFZB-79-B
ERR12511848	SAMEA115113302	PRJEB71932	Staphylococcus aureus	2024-01-20	ILLUMINA	NextSeq 550	WGS	RANDOM	GENOMIC	Tanzania	2021	wound swab	6.2 S 39.3 E	Homo sapiens	Staphylococcus aureus ST121 strain FFZB-8243
ERR12916291	SAMEA115496994	PRJEB75012	Staphylococcus aureus	2024-04-17	ILLUMINA	NextSeq 550	WGS	RANDOM	GENOMIC	Tanzania	2022	chronic leg ulcer	3.32 S 37.33 E	Homo sapiens	Staphylococcus aureus ST8 strain SOMR-OS001K
ERR12916292	SAMEA115496995	PRJEB75012	Staphylococcus aureus	2024-04-17	ILLUMINA	NextSeq 550	WGS	RANDOM	GENOMIC	Tanzania	2022	chronic leg ulcer	3.35 S 37.34 E	Homo sapiens	Staphylococcus aureus ST8 strain SOMR-OS002M
ERR12916294	SAMEA115496997	PRJEB75012	Staphylococcus aureus	2024-04-17	ILLUMINA	NextSeq 550	WGS	RANDOM	GENOMIC	Tanzania	2022	chronic leg ulcer	3.32 S 37.33 E	Homo sapiens	Staphylococcus aureus ST152 strain SOMR-OS006DA2
ERR12916296	SAMEA115496999	PRJEB75012	Staphylococcus aureus	2024-04-17	ILLUMINA	NextSeq 550	WGS	RANDOM	GENOMIC	Tanzania	2022	chronic leg ulcer	3.32 S 37.33 E	Homo sapiens	Staphylococcus aureus ST152 strain SOMR-OS007KB
ERR12916298	SAMEA115497001	PRJEB75012	Staphylococcus aureus	2024-04-17	ILLUMINA	NextSeq 550	WGS	RANDOM	GENOMIC	Tanzania	2022	chronic leg ulcer	3.32 S 37.33 E	Homo sapiens	Staphylococcus aureus strain SOMR-OS008KA
ERR12916299	SAMEA115497002	PRJEB75012	Staphylococcus aureus	2024-04-17	ILLUMINA	NextSeq 550	WGS	RANDOM	GENOMIC	Tanzania	2022	chronic leg ulcer	3.32 S 37.33 E	Homo sapiens	Staphylococcus aureus ST8 strain SOMR-OS009D
ERR10898829	SAMEA112648782	PRJEB59926	Staphylococcus aureus	2023-04-28	ILLUMINA	NextSeq 500	WGS	RANDOM	GENOMIC	Tanzania	2017-10-10	milk	6.4422075 S 38.9062189 E	Bos taurus	BC00105
ERR10898867	SAMEA112648783	PRJEB59926	Staphylococcus aureus	2023-04-28	ILLUMINA	NextSeq 500	WGS	RANDOM	GENOMIC	Tanzania	2017-10-10	milk	6.4422075 S 38.9062189 E	Bos taurus	BC00106
ERR10899049	SAMEA112648787	PRJEB59926	Staphylococcus aureus	2023-04-28	ILLUMINA	NextSeq 500	WGS	RANDOM	GENOMIC	Tanzania	2017-10-10	milk	6.4422075 S 38.9062189 E	Bos taurus	BC00111
ERR10899168	SAMEA112648788	PRJEB59926	Staphylococcus aureus	2023-04-28	ILLUMINA	NextSeq 500	WGS	RANDOM	GENOMIC	Tanzania	2017-10-10	milk	6.4422075 S 38.9062189 E	Bos taurus	BC00117
ERR10899299	SAMEA112648792	PRJEB59926	Staphylococcus aureus	2023-04-28	ILLUMINA	NextSeq 500	WGS	RANDOM	GENOMIC	Tanzania	2017-10-12	milk	6.4422075 S 38.9062189 E	Bos taurus	BC00303
ERR10899336	SAMEA112648794	PRJEB59926	Staphylococcus aureus	2023-04-28	ILLUMINA	NextSeq 500	WGS	RANDOM	GENOMIC	Tanzania	2017-10-12	milk	6.4422075 S 38.9062189 E	Bos taurus	BC00310
ERR10899446	SAMEA112648796	PRJEB59926	Staphylococcus aureus	2023-04-28	ILLUMINA	NextSeq 500	WGS	RANDOM	GENOMIC	Tanzania	2017-10-14	milk	6.4422075 S 38.9062189 E	Bos taurus	BC00410-2
ERR10899609	SAMEA112648801	PRJEB59926	Staphylococcus aureus	2023-04-28	ILLUMINA	NextSeq 500	WGS	RANDOM	GENOMIC	Tanzania	2017-11-28	milk	7.0842931 S 37.4232686 E	Bos taurus	MC00111
ERR10899652	SAMEA112648803	PRJEB59926	Staphylococcus aureus	2023-04-28	ILLUMINA	NextSeq 500	WGS	RANDOM	GENOMIC	Tanzania	2017-11-28	milk	7.0842931 S 37.4232686 E	Bos taurus	MC00115-2
ERR10899693	SAMEA112648804	PRJEB59926	Staphylococcus aureus	2023-04-28	ILLUMINA	NextSeq 500	WGS	RANDOM	GENOMIC	Tanzania	2017-11-30	milk	7.0842931 S 37.4232686 E	Bos taurus	MC00201
ERR10899710	SAMEA112648805	PRJEB59926	Staphylococcus aureus	2023-04-28	ILLUMINA	NextSeq 500	WGS	RANDOM	GENOMIC	Tanzania	2017-11-30	milk	7.0842931 S 37.4232686 E	Bos taurus	MC00203
ERR10899732	SAMEA112648806	PRJEB59926	Staphylococcus aureus	2023-04-28	ILLUMINA	NextSeq 500	WGS	RANDOM	GENOMIC	Tanzania	2017-11-30	milk	7.0842931 S 37.4232686 E	Bos taurus	MC00205
ERR10899911	SAMEA112648811	PRJEB59926	Staphylococcus aureus	2023-04-28	ILLUMINA	NextSeq 500	WGS	RANDOM	GENOMIC	Tanzania	2017-11-30	milk	7.0842931 S 37.4232686 E	Bos taurus	MC00216
ERR10899920	SAMEA112648814	PRJEB59926	Staphylococcus aureus	2023-04-28	ILLUMINA	NextSeq 500	WGS	RANDOM	GENOMIC	Tanzania	2017-09-18	milk	5.202134 S 38.2275548 E	Bos taurus	TC00512
ERR10900222	SAMEA112648821	PRJEB59926	Staphylococcus aureus	2023-04-28	ILLUMINA	NextSeq 500	WGS	RANDOM	GENOMIC	Tanzania	2017-11-30	nasal swab	7.0842931 S 37.4232686 E	Homo sapiens	MH00801
ERR10900224	SAMEA112648822	PRJEB59926	Staphylococcus aureus	2023-04-28	ILLUMINA	NextSeq 500	WGS	RANDOM	GENOMIC	Tanzania	2017-09-17	milk	5.202134 S 38.2275548 E	Bos taurus	TC00201
ERR10900225	SAMEA112648823	PRJEB59926	Staphylococcus aureus	2023-04-28	ILLUMINA	NextSeq 500	WGS	RANDOM	GENOMIC	Tanzania	2017-10-14	nasal swab	5.202134 S 38.2275548 E	Homo sapiens	TH00405
ERR10900227	SAMEA112648824	PRJEB59926	Staphylococcus aureus	2023-04-28	ILLUMINA	NextSeq 500	WGS	RANDOM	GENOMIC	Tanzania	2017-10-10	milk	6.4422075 S 38.9062189 E	Bos taurus	BC00101
ERR10900253	SAMEA112648837	PRJEB59926	Staphylococcus aureus	2023-04-28	ILLUMINA	NextSeq 500	WGS	RANDOM	GENOMIC	Tanzania	2019-04-10	nasal swab	6.8199243 S 39.2859995 E	Homo sapiens	DADST013B
ERR10900255	SAMEA112648838	PRJEB59926	Staphylococcus aureus	2023-04-28	ILLUMINA	NextSeq 500	WGS	RANDOM	GENOMIC	Tanzania	2019-04-10	nasal swab	6.8199243 S 39.2859995 E	Homo sapiens	DADST015
ERR1143396	SAMEA3671709	PRJEB11627	Staphylococcus aureus	2016-02-05	ILLUMINA	Illumina MiSeq	WGS	RANDOM	GENOMIC	Tanzania	2011			Homo sapiens	ITN010
ERR1143398	SAMEA3671711	PRJEB11627	Staphylococcus aureus	2016-02-05	ILLUMINA	Illumina MiSeq	WGS	RANDOM	GENOMIC	Tanzania	2011			Homo sapiens	ITN012
ERR1143400	SAMEA3671713	PRJEB11627	Staphylococcus aureus	2016-02-05	ILLUMINA	Illumina MiSeq	WGS	RANDOM	GENOMIC	Tanzania	not available			Homo sapiens	ITN015
ERR1143402	SAMEA3671715	PRJEB11627	Staphylococcus aureus	2016-02-05	ILLUMINA	Illumina MiSeq	WGS	RANDOM	GENOMIC	Tanzania	2011			Homo sapiens	ITN020
ERR1143405	SAMEA3671717	PRJEB11627	Staphylococcus aureus	2016-02-05	ILLUMINA	Illumina MiSeq	WGS	RANDOM	GENOMIC	Tanzania	2011			Homo sapiens	ITN027
ERR1143406	SAMEA3671717	PRJEB11627	Staphylococcus aureus	2016-02-05	ILLUMINA	Illumina MiSeq	WGS	RANDOM	GENOMIC	Tanzania	2011			Homo sapiens	ITN027
ERR1143420	SAMEA3671731	PRJEB11627	Staphylococcus aureus	2016-02-05	ILLUMINA	Illumina MiSeq	WGS	RANDOM	GENOMIC	Tanzania	2011			Homo sapiens	ITO022
ERR1143421	SAMEA3671732	PRJEB11627	Staphylococcus aureus	2016-02-05	ILLUMINA	Illumina MiSeq	WGS	RANDOM	GENOMIC	Tanzania	2011			Homo sapiens	ITO038
ERR1143425	SAMEA3671734	PRJEB11627	Staphylococcus aureus	2016-02-05	ILLUMINA	Illumina MiSeq	WGS	RANDOM	GENOMIC	Tanzania	2011			Homo sapiens	ITO044
ERR1143431	SAMEA3671739	PRJEB11627	Staphylococcus aureus	2016-02-05	ILLUMINA	Illumina MiSeq	WGS	RANDOM	GENOMIC	Tanzania	2012			Homo sapiens	ITO063
ERR1143432	SAMEA3671739	PRJEB11627	Staphylococcus aureus	2016-02-05	ILLUMINA	Illumina MiSeq	WGS	RANDOM	GENOMIC	Tanzania	2012			Homo sapiens	ITO063
ERR1143433	SAMEA3671740	PRJEB11627	Staphylococcus aureus	2016-02-05	ILLUMINA	Illumina MiSeq	WGS	RANDOM	GENOMIC	Tanzania	2012			Homo sapiens	ITO067
ERR12511689	SAMEA115113143	PRJEB71932	Staphylococcus aureus	2024-01-20	ILLUMINA	NextSeq 550	WGS	RANDOM	GENOMIC	Tanzania	2021		6.2 S 35.7 E	Homo sapiens	Staphylococcus aureus ST8 strain FFDD-1145
ERR12511690	SAMEA115113144	PRJEB71932	Staphylococcus aureus	2024-01-20	ILLUMINA	NextSeq 550	WGS	RANDOM	GENOMIC	Tanzania	2021	wound swab	6.2 S 35.7 E	Homo sapiens	Staphylococcus aureus ST789 strain FFDD-125
ERR12511694	SAMEA115113148	PRJEB71932	Staphylococcus aureus	2024-01-20	ILLUMINA	NextSeq 550	WGS	RANDOM	GENOMIC	Tanzania	2021		6.2 S 35.7 E	Homo sapiens	Staphylococcus aureus STnov strain FFDD-2422
ERR12511699	SAMEA115113153	PRJEB71932	Staphylococcus aureus	2024-01-20	ILLUMINA	NextSeq 550	WGS	RANDOM	GENOMIC	Tanzania	2021	HVS	6.2 S 35.7 E	Homo sapiens	Staphylococcus aureus strain FFDD-470-585303
ERR12511704	SAMEA115113158	PRJEB71932	Staphylococcus aureus	2024-01-20	ILLUMINA	NextSeq 550	WGS	RANDOM	GENOMIC	Tanzania	2021		6.2 S 35.7 E	Homo sapiens	Staphylococcus aureus ST8 strain FFDD-561522L375
ERR12511709	SAMEA115113163	PRJEB71932	Staphylococcus aureus	2024-01-20	ILLUMINA	NextSeq 550	WGS	RANDOM	GENOMIC	Tanzania	2021	HVS	6.2 S 35.7 E	Homo sapiens	Staphylococcus aureus ST152 strain FFDD-57284-871
ERR12511713	SAMEA115113167	PRJEB71932	Staphylococcus aureus	2024-01-20	ILLUMINA	NextSeq 550	WGS	RANDOM	GENOMIC	Tanzania	2021		6.2 S 35.7 E	Homo sapiens	Staphylococcus aureus strain FFDD-576593L381
ERR12511716	SAMEA115113170	PRJEB71932	Staphylococcus aureus	2024-01-20	ILLUMINA	NextSeq 550	WGS	RANDOM	GENOMIC	Tanzania	2021	wound swab	6.2 S 35.7 E	Homo sapiens	Staphylococcus aureus strain FFDD-589870
ERR12511722	SAMEA115113176	PRJEB71932	Staphylococcus aureus	2024-01-20	ILLUMINA	NextSeq 550	WGS	RANDOM	GENOMIC	Tanzania	2021		6.2 S 35.7 E	Homo sapiens	Staphylococcus aureus ST121 strain FFDD-702019-1219
ERR12511725	SAMEA115113179	PRJEB71932	Staphylococcus aureus	2024-01-20	ILLUMINA	NextSeq 550	WGS	RANDOM	GENOMIC	Tanzania	2021		6.2 S 35.7 E	Homo sapiens	Staphylococcus aureus ST152 strain FFDD-716080-L1214
ERR12511728	SAMEA115113182	PRJEB71932	Staphylococcus aureus	2024-01-20	ILLUMINA	NextSeq 550	WGS	RANDOM	GENOMIC	Tanzania	2021	urine	6.2 S 35.7 E	Homo sapiens	Staphylococcus aureus strain FFDD-860806-L1080
ERR12511737	SAMEA115113191	PRJEB71932	Staphylococcus aureus	2024-01-20	ILLUMINA	NextSeq 550	WGS	RANDOM	GENOMIC	Tanzania	2021		6.8 S 37.7 E	Homo sapiens	Staphylococcus aureus strain FFMG-1168-05-21-A
ERR12511739	SAMEA115113193	PRJEB71932	Staphylococcus aureus	2024-01-20	ILLUMINA	NextSeq 550	WGS	RANDOM	GENOMIC	Tanzania	2021		6.8 S 37.7 E	Homo sapiens	Staphylococcus aureus ST152 strain FFMG-1261-8-21
ERR12511742	SAMEA115113196	PRJEB71932	Staphylococcus aureus	2024-01-20	ILLUMINA	NextSeq 550	WGS	RANDOM	GENOMIC	Tanzania	2021		6.8 S 37.7 E	Homo sapiens	Staphylococcus aureus ST789 strain FFMG-1479-05-21-SA
ERR12511747	SAMEA115113201	PRJEB71932	Staphylococcus aureus	2024-01-20	ILLUMINA	NextSeq 550	WGS	RANDOM	GENOMIC	Tanzania	2021	wound swab	6.8 S 37.7 E	Homo sapiens	Staphylococcus aureus ST789 strain FFMG-212-2-21-SA
ERR12511748	SAMEA115113202	PRJEB71932	Staphylococcus aureus	2024-01-20	ILLUMINA	NextSeq 550	WGS	RANDOM	GENOMIC	Tanzania	2021	wound swab	6.8 S 37.7 E	Homo sapiens	Staphylococcus aureus ST8 strain FFMG-214-1-21
ERR12511749	SAMEA115113203	PRJEB71932	Staphylococcus aureus	2024-01-20	ILLUMINA	NextSeq 550	WGS	RANDOM	GENOMIC	Tanzania	2021	blood	6.8 S 37.7 E	Homo sapiens	Staphylococcus aureus ST152 strain FFMG-2227-3-21
ERR12511751	SAMEA115113205	PRJEB71932	Staphylococcus aureus	2024-01-20	ILLUMINA	NextSeq 550	WGS	RANDOM	GENOMIC	Tanzania	2021	blood	6.8 S 37.7 E	Homo sapiens	Staphylococcus aureus ST8 strain FFMG-267-2-21
ERR12511753	SAMEA115113207	PRJEB71932	Staphylococcus aureus	2024-01-20	ILLUMINA	NextSeq 550	WGS	RANDOM	GENOMIC	Tanzania	2021	wound swab	6.8 S 37.7 E	Homo sapiens	Staphylococcus aureus ST152 strain FFMG-302-4-21
ERR12511756	SAMEA115113210	PRJEB71932	Staphylococcus aureus	2024-01-20	ILLUMINA	NextSeq 550	WGS	RANDOM	GENOMIC	Tanzania	2021		6.8 S 37.7 E	Homo sapiens	Staphylococcus aureus ST2744 strain FFMG-331-09-21
ERR12511757	SAMEA115113211	PRJEB71932	Staphylococcus aureus	2024-01-20	ILLUMINA	NextSeq 550	WGS	RANDOM	GENOMIC	Tanzania	2021	blood	6.8 S 37.7 E	Homo sapiens	Staphylococcus aureus ST8 strain FFMG-341-7-21-A
ERR12511764	SAMEA115113218	PRJEB71932	Staphylococcus aureus	2024-01-20	ILLUMINA	NextSeq 550	WGS	RANDOM	GENOMIC	Tanzania	2021	wound swab	6.8 S 37.7 E	Homo sapiens	Staphylococcus aureus strain FFMG-526-1-21
ERR12511765	SAMEA115113219	PRJEB71932	Staphylococcus aureus	2024-01-20	ILLUMINA	NextSeq 550	WGS	RANDOM	GENOMIC	Tanzania	2021	wound swab	6.8 S 37.7 E	Homo sapiens	Staphylococcus aureus ST152 strain FFMG-526-10-21
ERR12511774	SAMEA115113228	PRJEB71932	Staphylococcus aureus	2024-01-20	ILLUMINA	NextSeq 550	WGS	RANDOM	GENOMIC	Tanzania	2021	wound swab	6.8 S 37.7 E	Homo sapiens	Staphylococcus aureus ST121 strain FFMG-67-2-21
ERR12511775	SAMEA115113229	PRJEB71932	Staphylococcus aureus	2024-01-20	ILLUMINA	NextSeq 550	WGS	RANDOM	GENOMIC	Tanzania	2021		6.8 S 37.7 E	Homo sapiens	Staphylococcus aureus ST121 strain FFMG-670-05-21
ERR12511777	SAMEA115113231	PRJEB71932	Staphylococcus aureus	2024-01-20	ILLUMINA	NextSeq 550	WGS	RANDOM	GENOMIC	Tanzania	2021	urine	6.8 S 37.7 E	Homo sapiens	Staphylococcus aureus ST152 strain FFMG-693-11-21
ERR12511778	SAMEA115113232	PRJEB71932	Staphylococcus aureus	2024-01-20	ILLUMINA	NextSeq 550	WGS	RANDOM	GENOMIC	Tanzania	2021		6.8 S 37.7 E	Homo sapiens	Staphylococcus aureus ST8 strain FFMG-70-09-21
ERR12511779	SAMEA115113233	PRJEB71932	Staphylococcus aureus	2024-01-20	ILLUMINA	NextSeq 550	WGS	RANDOM	GENOMIC	Tanzania	2021		6.8 S 37.7 E	Homo sapiens	Staphylococcus aureus ST8 strain FFMG-702-10-21
ERR12511780	SAMEA115113234	PRJEB71932	Staphylococcus aureus	2024-01-20	ILLUMINA	NextSeq 550	WGS	RANDOM	GENOMIC	Tanzania	2021	wound swab	6.8 S 37.7 E	Homo sapiens	Staphylococcus aureus ST121 strain FFMG-706-06-21
ERR12511782	SAMEA115113236	PRJEB71932	Staphylococcus aureus	2024-01-20	ILLUMINA	NextSeq 550	WGS	RANDOM	GENOMIC	Tanzania	2021	wound swab	6.8 S 37.7 E	Homo sapiens	Staphylococcus aureus ST8 strain FFMG-820-2-21
ERR12511788	SAMEA115113242	PRJEB71932	Staphylococcus aureus	2024-01-20	ILLUMINA	NextSeq 550	WGS	RANDOM	GENOMIC	Tanzania	2021	urine	6.8 S 37.7 E	Homo sapiens	Staphylococcus aureus ST8 strain FFMG-907-8-21
ERR12511789	SAMEA115113243	PRJEB71932	Staphylococcus aureus	2024-01-20	ILLUMINA	NextSeq 550	WGS	RANDOM	GENOMIC	Tanzania	2021	urine	6.8 S 37.7 E	Homo sapiens	Staphylococcus aureus strain FFMG-930-12-21
ERR12511791	SAMEA115113245	PRJEB71932	Staphylococcus aureus	2024-01-20	ILLUMINA	NextSeq 550	WGS	RANDOM	GENOMIC	Tanzania	2021	wound swab	10.7 S 35.7 E	Homo sapiens	Staphylococcus aureus ST152 strain FFSG-25-1-6-21
ERR12511794	SAMEA115113248	PRJEB71932	Staphylococcus aureus	2024-01-20	ILLUMINA	NextSeq 550	WGS	RANDOM	GENOMIC	Tanzania	2021		5.0 S 32.8 E	Homo sapiens	Staphylococcus aureus ST789 strain FFTB-25597
ERR12511798	SAMEA115113252	PRJEB71932	Staphylococcus aureus	2024-01-20	ILLUMINA	NextSeq 550	WGS	RANDOM	GENOMIC	Tanzania	2021	wound swab	5.0 S 32.8 E	Homo sapiens	Staphylococcus aureus ST152 strain FFTB-28493
ERR12511799	SAMEA115113253	PRJEB71932	Staphylococcus aureus	2024-01-20	ILLUMINA	NextSeq 550	WGS	RANDOM	GENOMIC	Tanzania	2021	wound swab	5.0 S 32.8 E	Homo sapiens	Staphylococcus aureus (low coverage) strain FFTB-29954
ERR12511802	SAMEA115113256	PRJEB71932	Staphylococcus aureus	2024-01-20	ILLUMINA	NextSeq 550	WGS	RANDOM	GENOMIC	Tanzania	2021		5.0 S 32.8 E	Homo sapiens	Staphylococcus aureus ST152 strain FFTB-33842
ERR12511803	SAMEA115113257	PRJEB71932	Staphylococcus aureus	2024-01-20	ILLUMINA	NextSeq 550	WGS	RANDOM	GENOMIC	Tanzania	2021	wound swab	5.0 S 32.8 E	Homo sapiens	Staphylococcus aureus ST8 strain FFTB-39939
ERR12511806	SAMEA115113260	PRJEB71932	Staphylococcus aureus	2024-01-20	ILLUMINA	NextSeq 550	WGS	RANDOM	GENOMIC	Tanzania	2021	HVS	5.0 S 32.8 E	Homo sapiens	Staphylococcus aureus strain FFTB-46588
ERR12511807	SAMEA115113261	PRJEB71932	Staphylococcus aureus	2024-01-20	ILLUMINA	NextSeq 550	WGS	RANDOM	GENOMIC	Tanzania	2021	HVS	5.0 S 32.8 E	Homo sapiens	Staphylococcus aureus ST8 strain FFTB-48626CA
ERR12511809	SAMEA115113263	PRJEB71932	Staphylococcus aureus	2024-01-20	ILLUMINA	NextSeq 550	WGS	RANDOM	GENOMIC	Tanzania	2021		5.0 S 32.8 E	Homo sapiens	Staphylococcus aureus ST8 strain FFTB-48636
ERR12511811	SAMEA115113265	PRJEB71932	Staphylococcus aureus	2024-01-20	ILLUMINA	NextSeq 550	WGS	RANDOM	GENOMIC	Tanzania	2021	wound swab	5.0 S 32.8 E	Homo sapiens	Staphylococcus aureus ST152 strain FFTB-53282
ERR12511812	SAMEA115113266	PRJEB71932	Staphylococcus aureus	2024-01-20	ILLUMINA	NextSeq 550	WGS	RANDOM	GENOMIC	Tanzania	2021		5.0 S 32.8 E	Homo sapiens	Staphylococcus aureus ST152 strain FFTB-5648
ERR12511816	SAMEA115113270	PRJEB71932	Staphylococcus aureus	2024-01-20	ILLUMINA	NextSeq 550	WGS	RANDOM	GENOMIC	Tanzania	2021	wound swab	6.2 S 39.3 E	Homo sapiens	Staphylococcus aureus ST121 strain FFZB-114
ERR12511817	SAMEA115113271	PRJEB71932	Staphylococcus aureus	2024-01-20	ILLUMINA	Illumina MiSeq	WGS	RANDOM	GENOMIC	Tanzania	2021	wound swab	6.2 S 39.3 E	Homo sapiens	Staphylococcus aureus ST30 strain FFZB-123
ERR12511818	SAMEA115113272	PRJEB71932	Staphylococcus aureus	2024-01-20	ILLUMINA	NextSeq 550	WGS	RANDOM	GENOMIC	Tanzania	2021	stool	6.2 S 39.3 E	Homo sapiens	Staphylococcus aureus ST8 strain FFZB-126
ERR12511827	SAMEA115113281	PRJEB71932	Staphylococcus aureus	2024-01-20	ILLUMINA	NextSeq 550	WGS	RANDOM	GENOMIC	Tanzania	2021	blood	6.2 S 39.3 E	Homo sapiens	Staphylococcus aureus ST22 strain FFZB-155
ERR12511831	SAMEA115113285	PRJEB71932	Staphylococcus aureus	2024-01-20	ILLUMINA	Illumina MiSeq	WGS	RANDOM	GENOMIC	Tanzania	2021	wound swab	6.2 S 39.3 E	Homo sapiens	Staphylococcus aureus strain FFZB-192A-R57
ERR12511833	SAMEA115113287	PRJEB71932	Staphylococcus aureus	2024-01-20	ILLUMINA	NextSeq 550	WGS	RANDOM	GENOMIC	Tanzania	2021	wound swab	6.2 S 39.3 E	Homo sapiens	Staphylococcus aureus ST152 strain FFZB-199
ERR12511840	SAMEA115113294	PRJEB71932	Staphylococcus aureus	2024-01-20	ILLUMINA	Illumina MiSeq	WGS	RANDOM	GENOMIC	Tanzania	2021	wound swab	6.2 S 39.3 E	Homo sapiens	Staphylococcus aureus ST8 strain FFZB-56
ERR12511841	SAMEA115113295	PRJEB71932	Staphylococcus aureus	2024-01-20	ILLUMINA	NextSeq 550	WGS	RANDOM	GENOMIC	Tanzania	2021	wound swab	6.2 S 39.3 E	Homo sapiens	Staphylococcus aureus strain FFZB-63-EC
ERR10898808	SAMEA112648781	PRJEB59926	Staphylococcus aureus	2023-04-28	ILLUMINA	NextSeq 500	WGS	RANDOM	GENOMIC	Tanzania	2017-10-10	milk	6.4422075 S 38.9062189 E	Bos taurus	BC00104
ERR10898915	SAMEA112648784	PRJEB59926	Staphylococcus aureus	2023-04-28	ILLUMINA	NextSeq 500	WGS	RANDOM	GENOMIC	Tanzania	2017-10-10	milk	6.4422075 S 38.9062189 E	Bos taurus	BC00107
ERR10899188	SAMEA112648789	PRJEB59926	Staphylococcus aureus	2023-04-28	ILLUMINA	NextSeq 500	WGS	RANDOM	GENOMIC	Tanzania	2017-10-10	milk	6.4422075 S 38.9062189 E	Bos taurus	BC00118
ERR10899243	SAMEA112648790	PRJEB59926	Staphylococcus aureus	2023-04-28	ILLUMINA	NextSeq 500	WGS	RANDOM	GENOMIC	Tanzania	2017-10-11	milk	6.4422075 S 38.9062189 E	Bos taurus	BC00201
ERR10899490	SAMEA112648797	PRJEB59926	Staphylococcus aureus	2023-04-28	ILLUMINA	NextSeq 500	WGS	RANDOM	GENOMIC	Tanzania	2017-10-14	milk	6.4422075 S 38.9062189 E	Bos taurus	BC00416
ERR10899505	SAMEA112648798	PRJEB59926	Staphylococcus aureus	2023-04-28	ILLUMINA	NextSeq 500	WGS	RANDOM	GENOMIC	Tanzania	2017-10-14	nasal swab	6.4422075 S 38.9062189 E	Homo sapiens	BH00404
ERR10899559	SAMEA112648800	PRJEB59926	Staphylococcus aureus	2023-04-28	ILLUMINA	NextSeq 500	WGS	RANDOM	GENOMIC	Tanzania	2017-11-28	milk	7.0842931 S 37.4232686 E	Bos taurus	MC00105
ERR10899772	SAMEA112648807	PRJEB59926	Staphylococcus aureus	2023-04-28	ILLUMINA	NextSeq 500	WGS	RANDOM	GENOMIC	Tanzania	2017-11-30	milk	7.0842931 S 37.4232686 E	Bos taurus	MC00210
ERR10899808	SAMEA112648808	PRJEB59926	Staphylococcus aureus	2023-04-28	ILLUMINA	NextSeq 500	WGS	RANDOM	GENOMIC	Tanzania	2017-11-30	milk	7.0842931 S 37.4232686 E	Bos taurus	MC00211
ERR10899869	SAMEA112648809	PRJEB59926	Staphylococcus aureus	2023-04-28	ILLUMINA	NextSeq 500	WGS	RANDOM	GENOMIC	Tanzania	2017-11-30	milk	7.0842931 S 37.4232686 E	Bos taurus	MC00214
ERR10899908	SAMEA112648810	PRJEB59926	Staphylococcus aureus	2023-04-28	ILLUMINA	NextSeq 500	WGS	RANDOM	GENOMIC	Tanzania	2017-11-30	milk	7.0842931 S 37.4232686 E	Bos taurus	MC00215
ERR10899914	SAMEA112648812	PRJEB59926	Staphylococcus aureus	2023-04-28	ILLUMINA	NextSeq 500	WGS	RANDOM	GENOMIC	Tanzania	2017-11-30	milk	7.0842931 S 37.4232686 E	Bos taurus	MC00206
ERR10899916	SAMEA112648813	PRJEB59926	Staphylococcus aureus	2023-04-28	ILLUMINA	NextSeq 500	WGS	RANDOM	GENOMIC	Tanzania	2017-09-17	milk	5.202134 S 38.2275548 E	Bos taurus	TC00102
ERR10899924	SAMEA112648815	PRJEB59926	Staphylococcus aureus	2023-04-28	ILLUMINA	NextSeq 500	WGS	RANDOM	GENOMIC	Tanzania	2017-09-18	milk	5.202134 S 38.2275548 E	Bos taurus	TC00516
ERR10900218	SAMEA112648818	PRJEB59926	Staphylococcus aureus	2023-04-28	ILLUMINA	NextSeq 500	WGS	RANDOM	GENOMIC	Tanzania	2019-04-10	nasal swab	6.8199243 S 39.2859995 E	Homo sapiens	DABST013
ERR10900221	SAMEA112648820	PRJEB59926	Staphylococcus aureus	2023-04-28	ILLUMINA	NextSeq 500	WGS	RANDOM	GENOMIC	Tanzania	2019-04-10	nasal swab	6.8199243 S 39.2859995 E	Homo sapiens	DADST035
ERR10900249	SAMEA112648834	PRJEB59926	Staphylococcus aureus	2023-04-28	ILLUMINA	NextSeq 500	WGS	RANDOM	GENOMIC	Tanzania	2017-09-18	milk	5.202134 S 38.2275548 E	Bos taurus	TC00505
ERR10900250	SAMEA112648835	PRJEB59926	Staphylococcus aureus	2023-04-28	ILLUMINA	NextSeq 500	WGS	RANDOM	GENOMIC	Tanzania	2017-10-12	nasal swab	6.4422075 S 38.9062189 E	Homo sapiens	BH00304
ERR1143399	SAMEA3671712	PRJEB11627	Staphylococcus aureus	2016-02-05	ILLUMINA	Illumina MiSeq	WGS	RANDOM	GENOMIC	Tanzania	2011			Homo sapiens	ITN013
ERR1143403	SAMEA3671716	PRJEB11627	Staphylococcus aureus	2016-02-05	ILLUMINA	Illumina MiSeq	WGS	RANDOM	GENOMIC	Tanzania	2011			Homo sapiens	ITN026
ERR1143407	SAMEA3671718	PRJEB11627	Staphylococcus aureus	2016-02-05	ILLUMINA	Illumina MiSeq	WGS	RANDOM	GENOMIC	Tanzania	2011			Homo sapiens	ITN040
ERR1143408	SAMEA3671719	PRJEB11627	Staphylococcus aureus	2016-02-05	ILLUMINA	Illumina MiSeq	WGS	RANDOM	GENOMIC	Tanzania	2011			Homo sapiens	ITN041
ERR1143409	SAMEA3671720	PRJEB11627	Staphylococcus aureus	2016-02-05	ILLUMINA	Illumina MiSeq	WGS	RANDOM	GENOMIC	Tanzania	2011			Homo sapiens	ITN054
ERR1143410	SAMEA3671721	PRJEB11627	Staphylococcus aureus	2016-02-05	ILLUMINA	Illumina MiSeq	WGS	RANDOM	GENOMIC	Tanzania	2011			Homo sapiens	ITN056
ERR1143412	SAMEA3671723	PRJEB11627	Staphylococcus aureus	2016-02-05	ILLUMINA	Illumina MiSeq	WGS	RANDOM	GENOMIC	Tanzania	2011			Homo sapiens	ITN062
ERR1143414	SAMEA3671725	PRJEB11627	Staphylococcus aureus	2016-02-05	ILLUMINA	Illumina MiSeq	WGS	RANDOM	GENOMIC	Tanzania	2011			Homo sapiens	ITN075
ERR1143415	SAMEA3671726	PRJEB11627	Staphylococcus aureus	2016-02-05	ILLUMINA	Illumina MiSeq	WGS	RANDOM	GENOMIC	Tanzania	2011			Homo sapiens	ITN079
ERR1143416	SAMEA3671727	PRJEB11627	Staphylococcus aureus	2016-02-05	ILLUMINA	Illumina MiSeq	WGS	RANDOM	GENOMIC	Tanzania	2011			Homo sapiens	ITN082
ERR1143424	SAMEA3671734	PRJEB11627	Staphylococcus aureus	2016-02-05	ILLUMINA	Illumina MiSeq	WGS	RANDOM	GENOMIC	Tanzania	2011			Homo sapiens	ITO044
ERR1143429	SAMEA3671737	PRJEB11627	Staphylococcus aureus	2016-02-05	ILLUMINA	Illumina MiSeq	WGS	RANDOM	GENOMIC	Tanzania	2012			Homo sapiens	ITO056
ERR1143434	SAMEA3671741	PRJEB11627	Staphylococcus aureus	2016-02-05	ILLUMINA	Illumina MiSeq	WGS	RANDOM	GENOMIC	Tanzania	2012			Homo sapiens	ITO068
ERR1143435	SAMEA3671742	PRJEB11627	Staphylococcus aureus	2016-02-05	ILLUMINA	Illumina MiSeq	WGS	RANDOM	GENOMIC	Tanzania	2012			Homo sapiens	ITO085
ERR1143436	SAMEA3671743	PRJEB11627	Staphylococcus aureus	2016-02-05	ILLUMINA	Illumina MiSeq	WGS	RANDOM	GENOMIC	Tanzania	2012			Homo sapiens	ITO087
ERR1143437	SAMEA3671744	PRJEB11627	Staphylococcus aureus	2016-02-05	ILLUMINA	Illumina MiSeq	WGS	RANDOM	GENOMIC	Tanzania	2012			Homo sapiens	ITO091
ERR12533304	SAMEA115121763	PRJEB71989	Staphylococcus aureus	2024-01-26	OXFORD_NANOPORE	GridION	WGA	RANDOM	GENOMIC	Tanzania	2023				Staphylococcus aureus isolate
ERR12916293	SAMEA115496996	PRJEB75012	Staphylococcus aureus	2024-04-17	ILLUMINA	NextSeq 550	WGS	RANDOM	GENOMIC	Tanzania	2022	chronic leg ulcer	3.32 S 37.33 E	Homo sapiens	Staphylococcus aureus strain SOMR-OS003D
ERR4626526	SAMEA7340490	PRJEB40321	Staphylococcus aureus	2020-10-15	ILLUMINA	NextSeq 500	WGS	RANDOM	GENOMIC	Tanzania					TZ_2011_2
ERR4626529	SAMEA7340493	PRJEB40321	Staphylococcus aureus	2020-10-15	ILLUMINA	NextSeq 500	WGS	RANDOM	GENOMIC	Tanzania					TZ_2011_5
ERR490575	SAMEA2298703	PRJEB2655	Staphylococcus aureus	2014-04-28	ILLUMINA	Illumina HiSeq 2000	WGS	RANDOM	GENOMIC	Tanzania	2008	Wound		Homo sapiens	12291_8#4
ERR490579	SAMEA2298707	PRJEB2655	Staphylococcus aureus	2014-04-28	ILLUMINA	Illumina HiSeq 2000	WGS	RANDOM	GENOMIC	Tanzania	2012	Wound		Homo sapiens	12291_8#8
ERR490581	SAMEA2298709	PRJEB2655	Staphylococcus aureus	2014-04-28	ILLUMINA	Illumina HiSeq 2000	WGS	RANDOM	GENOMIC	Tanzania	2008	Wound		Homo sapiens	12291_8#10
ERR490582	SAMEA2298710	PRJEB2655	Staphylococcus aureus	2014-04-28	ILLUMINA	Illumina HiSeq 2000	WGS	RANDOM	GENOMIC	Tanzania	2013	Wound		Homo sapiens	12291_8#11
ERR490583	SAMEA2298711	PRJEB2655	Staphylococcus aureus	2014-04-28	ILLUMINA	Illumina HiSeq 2000	WGS	RANDOM	GENOMIC	Tanzania	2008	Wound		Homo sapiens	12291_8#12
ERR490585	SAMEA2298713	PRJEB2655	Staphylococcus aureus	2014-04-28	ILLUMINA	Illumina HiSeq 2000	WGS	RANDOM	GENOMIC	Tanzania	2008	Wound		Homo sapiens	12291_8#14
ERR490590	SAMEA2298718	PRJEB2655	Staphylococcus aureus	2014-04-28	ILLUMINA	Illumina HiSeq 2000	WGS	RANDOM	GENOMIC	Tanzania	2008	Wound		Homo sapiens	12291_8#19
ERR490591	SAMEA2298719	PRJEB2655	Staphylococcus aureus	2014-04-28	ILLUMINA	Illumina HiSeq 2000	WGS	RANDOM	GENOMIC	Tanzania	2013	Wound		Homo sapiens	12291_8#20
ERR490592	SAMEA2298720	PRJEB2655	Staphylococcus aureus	2014-04-28	ILLUMINA	Illumina HiSeq 2000	WGS	RANDOM	GENOMIC	Tanzania	2013	Nasal		Homo sapiens	12291_8#21
ERR490597	SAMEA2298725	PRJEB2655	Staphylococcus aureus	2014-04-28	ILLUMINA	Illumina HiSeq 2000	WGS	RANDOM	GENOMIC	Tanzania	2005	Nasal		Homo sapiens	12291_8#26
ERR490606	SAMEA2298734	PRJEB2655	Staphylococcus aureus	2014-04-28	ILLUMINA	Illumina HiSeq 2000	WGS	RANDOM	GENOMIC	Tanzania	2008	Wound		Homo sapiens	12291_8#35
ERR490609	SAMEA2298737	PRJEB2655	Staphylococcus aureus	2014-04-28	ILLUMINA	Illumina HiSeq 2000	WGS	RANDOM	GENOMIC	Tanzania	2013	Wound		Homo sapiens	12291_8#38
ERR490611	SAMEA2298739	PRJEB2655	Staphylococcus aureus	2014-04-28	ILLUMINA	Illumina HiSeq 2000	WGS	RANDOM	GENOMIC	Tanzania	2012	Wound		Homo sapiens	12291_8#40
ERR490613	SAMEA2298741	PRJEB2655	Staphylococcus aureus	2014-04-28	ILLUMINA	Illumina HiSeq 2000	WGS	RANDOM	GENOMIC	Tanzania	2008	Wound		Homo sapiens	12291_8#42
ERR490614	SAMEA2298742	PRJEB2655	Staphylococcus aureus	2014-04-28	ILLUMINA	Illumina HiSeq 2000	WGS	RANDOM	GENOMIC	Tanzania	2013	Nasal		Homo sapiens	12291_8#43
ERR490618	SAMEA2298746	PRJEB2655	Staphylococcus aureus	2014-04-28	ILLUMINA	Illumina HiSeq 2000	WGS	RANDOM	GENOMIC	Tanzania	2013	Wound		Homo sapiens	12291_8#47
ERR490619	SAMEA2298747	PRJEB2655	Staphylococcus aureus	2014-04-28	ILLUMINA	Illumina HiSeq 2000	WGS	RANDOM	GENOMIC	Tanzania	2008	Wound		Homo sapiens	12291_8#48
ERR490626	SAMEA2298754	PRJEB2655	Staphylococcus aureus	2014-04-28	ILLUMINA	Illumina HiSeq 2000	WGS	RANDOM	GENOMIC	Tanzania	2013	Wound		Homo sapiens	12291_8#55
ERR490628	SAMEA2298756	PRJEB2655	Staphylococcus aureus	2014-04-28	ILLUMINA	Illumina HiSeq 2000	WGS	RANDOM	GENOMIC	Tanzania	2008	Wound		Homo sapiens	12291_8#57
ERR505341	SAMEA2298703	PRJEB2655	Staphylococcus aureus	2014-05-19	ILLUMINA	Illumina HiSeq 2000	WGS	RANDOM	GENOMIC	Tanzania	2008	Wound		Homo sapiens	12291_8#4
ERR505344	SAMEA2298706	PRJEB2655	Staphylococcus aureus	2014-05-19	ILLUMINA	Illumina HiSeq 2000	WGS	RANDOM	GENOMIC	Tanzania	2008	Wound		Homo sapiens	12291_8#7
ERR505348	SAMEA2298710	PRJEB2655	Staphylococcus aureus	2014-05-19	ILLUMINA	Illumina HiSeq 2000	WGS	RANDOM	GENOMIC	Tanzania	2013	Wound		Homo sapiens	12291_8#11
ERR505350	SAMEA2298712	PRJEB2655	Staphylococcus aureus	2014-05-19	ILLUMINA	Illumina HiSeq 2000	WGS	RANDOM	GENOMIC	Tanzania	2008	Nasal		Homo sapiens	12291_8#13
ERR505353	SAMEA2298715	PRJEB2655	Staphylococcus aureus	2014-05-19	ILLUMINA	Illumina HiSeq 2000	WGS	RANDOM	GENOMIC	Tanzania	2008	Wound		Homo sapiens	12291_8#16
ERR505362	SAMEA2298724	PRJEB2655	Staphylococcus aureus	2014-05-19	ILLUMINA	Illumina HiSeq 2000	WGS	RANDOM	GENOMIC	Tanzania	2008	Wound		Homo sapiens	12291_8#25
ERR505368	SAMEA2298730	PRJEB2655	Staphylococcus aureus	2014-05-19	ILLUMINA	Illumina HiSeq 2000	WGS	RANDOM	GENOMIC	Tanzania	2009	Blood		Homo sapiens	12291_8#31
ERR505373	SAMEA2298735	PRJEB2655	Staphylococcus aureus	2014-05-19	ILLUMINA	Illumina HiSeq 2000	WGS	RANDOM	GENOMIC	Tanzania	2013	Wound		Homo sapiens	12291_8#36
ERR505378	SAMEA2298740	PRJEB2655	Staphylococcus aureus	2014-05-19	ILLUMINA	Illumina HiSeq 2000	WGS	RANDOM	GENOMIC	Tanzania	2012	Wound		Homo sapiens	12291_8#41
ERR505380	SAMEA2298742	PRJEB2655	Staphylococcus aureus	2014-05-19	ILLUMINA	Illumina HiSeq 2000	WGS	RANDOM	GENOMIC	Tanzania	2013	Nasal		Homo sapiens	12291_8#43
ERR505384	SAMEA2298746	PRJEB2655	Staphylococcus aureus	2014-05-19	ILLUMINA	Illumina HiSeq 2000	WGS	RANDOM	GENOMIC	Tanzania	2013	Wound		Homo sapiens	12291_8#47
ERR505387	SAMEA2298749	PRJEB2655	Staphylococcus aureus	2014-05-19	ILLUMINA	Illumina HiSeq 2000	WGS	RANDOM	GENOMIC	Tanzania	2008	Wound		Homo sapiens	12291_8#50
ERR505389	SAMEA2298751	PRJEB2655	Staphylococcus aureus	2014-05-19	ILLUMINA	Illumina HiSeq 2000	WGS	RANDOM	GENOMIC	Tanzania	2013	Wound		Homo sapiens	12291_8#52
ERR505394	SAMEA2298756	PRJEB2655	Staphylococcus aureus	2014-05-19	ILLUMINA	Illumina HiSeq 2000	WGS	RANDOM	GENOMIC	Tanzania	2008	Wound		Homo sapiens	12291_8#57
ERR505396	SAMEA2298758	PRJEB2655	Staphylococcus aureus	2014-05-19	ILLUMINA	Illumina HiSeq 2000	WGS	RANDOM	GENOMIC	Tanzania	2008	Wound		Homo sapiens	12291_8#59
ERR829967	SAMEA3109317	PRJEB2655	Staphylococcus aureus	2015-03-24	ILLUMINA	Illumina HiSeq 2000	WGS	RANDOM	GENOMIC	Tanzania	2014	Nasal		Homo sapiens	15056_7#51
ERR829970	SAMEA3109320	PRJEB2655	Staphylococcus aureus	2015-03-24	ILLUMINA	Illumina HiSeq 2000	WGS	RANDOM	GENOMIC	Tanzania	2014	Nasal		Homo sapiens	15056_7#54
ERR829975	SAMEA3109325	PRJEB2655	Staphylococcus aureus	2015-03-24	ILLUMINA	Illumina HiSeq 2000	WGS	RANDOM	GENOMIC	Tanzania	2014	Nasal		Homo sapiens	15056_7#59
ERR829976	SAMEA3109326	PRJEB2655	Staphylococcus aureus	2015-03-24	ILLUMINA	Illumina HiSeq 2000	WGS	RANDOM	GENOMIC	Tanzania	2014	Nasal		Ovis aries	15056_7#60
ERR829985	SAMEA3109335	PRJEB2655	Staphylococcus aureus	2015-03-24	ILLUMINA	Illumina HiSeq 2000	WGS	RANDOM	GENOMIC	Tanzania	2014	Nasal		Sus scrofa	15056_7#69
ERR12511691	SAMEA115113145	PRJEB71932	Staphylococcus aureus	2024-01-20	ILLUMINA	NextSeq 550	WGS	RANDOM	GENOMIC	Tanzania	2021	HVS	6.2 S 35.7 E	Homo sapiens	Staphylococcus aureus ST152 strain FFDD-218
ERR12511692	SAMEA115113146	PRJEB71932	Staphylococcus aureus	2024-01-20	ILLUMINA	NextSeq 550	WGS	RANDOM	GENOMIC	Tanzania	2021	wound swab	6.2 S 35.7 E	Homo sapiens	Staphylococcus aureus ST152 strain FFDD-221
ERR12511695	SAMEA115113149	PRJEB71932	Staphylococcus aureus	2024-01-20	ILLUMINA	NextSeq 550	WGS	RANDOM	GENOMIC	Tanzania	2021		6.2 S 35.7 E	Homo sapiens	Staphylococcus aureus STnov strain FFDD-245A
ERR12511696	SAMEA115113150	PRJEB71932	Staphylococcus aureus	2024-01-20	ILLUMINA	NextSeq 550	WGS	RANDOM	GENOMIC	Tanzania	2021	wound swab	6.2 S 35.7 E	Homo sapiens	Staphylococcus aureus ST8 strain FFDD-269232L465
ERR12511697	SAMEA115113151	PRJEB71932	Staphylococcus aureus	2024-01-20	ILLUMINA	NextSeq 550	WGS	RANDOM	GENOMIC	Tanzania	2021	wound swab	6.2 S 35.7 E	Homo sapiens	Staphylococcus aureus ST152 strain FFDD-301810
ERR12511698	SAMEA115113152	PRJEB71932	Staphylococcus aureus	2024-01-20	ILLUMINA	NextSeq 550	WGS	RANDOM	GENOMIC	Tanzania	2021	wound swab	6.2 S 35.7 E	Homo sapiens	Staphylococcus aureus ST152 strain FFDD-399312A
ERR12511702	SAMEA115113156	PRJEB71932	Staphylococcus aureus	2024-01-20	ILLUMINA	NextSeq 550	WGS	RANDOM	GENOMIC	Tanzania	2021	urine	6.2 S 35.7 E	Homo sapiens	Staphylococcus aureus ST152 strain FFDD-541822
ERR12511705	SAMEA115113159	PRJEB71932	Staphylococcus aureus	2024-01-20	ILLUMINA	NextSeq 550	WGS	RANDOM	GENOMIC	Tanzania	2021	wound swab	6.2 S 35.7 E	Homo sapiens	Staphylococcus aureus ST8 strain FFDD-564124-B
ERR12511706	SAMEA115113160	PRJEB71932	Staphylococcus aureus	2024-01-20	ILLUMINA	NextSeq 550	WGS	RANDOM	GENOMIC	Tanzania	2021	wound swab	6.2 S 35.7 E	Homo sapiens	Staphylococcus aureus ST8 strain FFDD-564124A
ERR12511707	SAMEA115113161	PRJEB71932	Staphylococcus aureus	2024-01-20	ILLUMINA	NextSeq 550	WGS	RANDOM	GENOMIC	Tanzania	2021		6.2 S 35.7 E	Homo sapiens	Staphylococcus aureus ST8 strain FFDD-566779
ERR12511708	SAMEA115113162	PRJEB71932	Staphylococcus aureus	2024-01-20	ILLUMINA	NextSeq 550	WGS	RANDOM	GENOMIC	Tanzania	2021	blood	6.2 S 35.7 E	Homo sapiens	Staphylococcus aureus strain FFDD-570348
ERR12511711	SAMEA115113165	PRJEB71932	Staphylococcus aureus	2024-01-20	ILLUMINA	NextSeq 550	WGS	RANDOM	GENOMIC	Tanzania	2021	wound swab	6.2 S 35.7 E	Homo sapiens	Staphylococcus aureus ST601 strain FFDD-575834L361
ERR12511712	SAMEA115113166	PRJEB71932	Staphylococcus aureus	2024-01-20	ILLUMINA	NextSeq 550	WGS	RANDOM	GENOMIC	Tanzania	2021	wound swab	6.2 S 35.7 E	Homo sapiens	Staphylococcus aureus ST8 strain FFDD-575894L360
ERR12511714	SAMEA115113168	PRJEB71932	Staphylococcus aureus	2024-01-20	ILLUMINA	NextSeq 550	WGS	RANDOM	GENOMIC	Tanzania	2021	wound swab	6.2 S 35.7 E	Homo sapiens	Staphylococcus aureus ST152 strain FFDD-586025-Q21
ERR12511715	SAMEA115113169	PRJEB71932	Staphylococcus aureus	2024-01-20	ILLUMINA	NextSeq 550	WGS	RANDOM	GENOMIC	Tanzania	2021	wound swab	6.2 S 35.7 E	Homo sapiens	Staphylococcus aureus ST152 strain FFDD-589717
ERR12511717	SAMEA115113171	PRJEB71932	Staphylococcus aureus	2024-01-20	ILLUMINA	NextSeq 550	WGS	RANDOM	GENOMIC	Tanzania	2021	wound swab	6.2 S 35.7 E	Homo sapiens	Staphylococcus aureus ST8 strain FFDD-592673
ERR12511718	SAMEA115113172	PRJEB71932	Staphylococcus aureus	2024-01-20	ILLUMINA	NextSeq 550	WGS	RANDOM	GENOMIC	Tanzania	2021		6.2 S 35.7 E	Homo sapiens	Staphylococcus aureus ST152 strain FFDD-594600
ERR12511719	SAMEA115113173	PRJEB71932	Staphylococcus aureus	2024-01-20	ILLUMINA	NextSeq 550	WGS	RANDOM	GENOMIC	Tanzania	2021		6.2 S 35.7 E	Homo sapiens	Staphylococcus aureus ST152 strain FFDD-602087-L919
ERR12511721	SAMEA115113175	PRJEB71932	Staphylococcus aureus	2024-01-20	ILLUMINA	NextSeq 550	WGS	RANDOM	GENOMIC	Tanzania	2021		6.2 S 35.7 E	Homo sapiens	Staphylococcus aureus strain FFDD-702011-L1253
ERR12511723	SAMEA115113177	PRJEB71932	Staphylococcus aureus	2024-01-20	ILLUMINA	NextSeq 550	WGS	RANDOM	GENOMIC	Tanzania	2021	wound swab	6.2 S 35.7 E	Homo sapiens	Staphylococcus aureus ST8 strain FFDD-704769-L1021
ERR12511726	SAMEA115113180	PRJEB71932	Staphylococcus aureus	2024-01-20	ILLUMINA	NextSeq 550	WGS	RANDOM	GENOMIC	Tanzania	2021		6.2 S 35.7 E	Homo sapiens	Staphylococcus aureus ST8 strain FFDD-716698
ERR12511727	SAMEA115113181	PRJEB71932	Staphylococcus aureus	2024-01-20	ILLUMINA	NextSeq 550	WGS	RANDOM	GENOMIC	Tanzania	2021		6.2 S 35.7 E	Homo sapiens	Staphylococcus aureus ST8 strain FFDD-716698-L1242
ERR12511729	SAMEA115113183	PRJEB71932	Staphylococcus aureus	2024-01-20	ILLUMINA	NextSeq 550	WGS	RANDOM	GENOMIC	Tanzania	2021	HVS	6.2 S 35.7 E	Homo sapiens	Staphylococcus aureus ST152 strain FFDD-889
ERR12511730	SAMEA115113184	PRJEB71932	Staphylococcus aureus	2024-01-20	ILLUMINA	NextSeq 550	WGS	RANDOM	GENOMIC	Tanzania	2021		6.2 S 35.7 E	Homo sapiens	Staphylococcus aureus ST152 strain FFDD-943
ERR12511732	SAMEA115113186	PRJEB71932	Staphylococcus aureus	2024-01-20	ILLUMINA	NextSeq 550	WGS	RANDOM	GENOMIC	Tanzania	2021		6.2 S 35.7 E	Homo sapiens	Staphylococcus aureus ST152 strain FFDD-L1025
ERR12511736	SAMEA115113190	PRJEB71932	Staphylococcus aureus	2024-01-20	ILLUMINA	NextSeq 550	WGS	RANDOM	GENOMIC	Tanzania	2021	wound swab	6.8 S 37.7 E	Homo sapiens	Staphylococcus aureus ST8 strain FFMG-1138-8-21
ERR12511741	SAMEA115113195	PRJEB71932	Staphylococcus aureus	2024-01-20	ILLUMINA	NextSeq 550	WGS	RANDOM	GENOMIC	Tanzania	2021		6.8 S 37.7 E	Homo sapiens	Staphylococcus aureus strain FFMG-1299-12-21
ERR12511743	SAMEA115113197	PRJEB71932	Staphylococcus aureus	2024-01-20	ILLUMINA	NextSeq 550	WGS	RANDOM	GENOMIC	Tanzania	2021	wound swab	6.8 S 37.7 E	Homo sapiens	Staphylococcus aureus ST8 strain FFMG-167-05-21-B
ERR12511745	SAMEA115113199	PRJEB71932	Staphylococcus aureus	2024-01-20	ILLUMINA	NextSeq 550	WGS	RANDOM	GENOMIC	Tanzania	2021	blood	6.8 S 37.7 E	Homo sapiens	Staphylococcus aureus ST8 strain FFMG-189-1-21-SA
ERR12511746	SAMEA115113200	PRJEB71932	Staphylococcus aureus	2024-01-20	ILLUMINA	NextSeq 550	WGS	RANDOM	GENOMIC	Tanzania	2021		6.8 S 37.7 E	Homo sapiens	Staphylococcus aureus ST8 strain FFMG-21-03-2021
ERR12511750	SAMEA115113204	PRJEB71932	Staphylococcus aureus	2024-01-20	ILLUMINA	NextSeq 550	WGS	RANDOM	GENOMIC	Tanzania	2021	wound swab	6.8 S 37.7 E	Homo sapiens	Staphylococcus aureus ST8 strain FFMG-261-05-21
ERR12511752	SAMEA115113206	PRJEB71932	Staphylococcus aureus	2024-01-20	ILLUMINA	NextSeq 550	WGS	RANDOM	GENOMIC	Tanzania	2021		6.8 S 37.7 E	Homo sapiens	Staphylococcus aureus ST8 strain FFMG-288-3-21
ERR12511754	SAMEA115113208	PRJEB71932	Staphylococcus aureus	2024-01-20	ILLUMINA	NextSeq 550	WGS	RANDOM	GENOMIC	Tanzania	2021		6.8 S 37.7 E	Homo sapiens	Staphylococcus aureus ST8 strain FFMG-307-8-21
ERR12511755	SAMEA115113209	PRJEB71932	Staphylococcus aureus	2024-01-20	ILLUMINA	NextSeq 550	WGS	RANDOM	GENOMIC	Tanzania	2021	wound swab	6.8 S 37.7 E	Homo sapiens	Staphylococcus aureus ST8 strain FFMG-326-05-21
ERR12511759	SAMEA115113213	PRJEB71932	Staphylococcus aureus	2024-01-20	ILLUMINA	NextSeq 550	WGS	RANDOM	GENOMIC	Tanzania	2021	urine	6.8 S 37.7 E	Homo sapiens	Staphylococcus aureus strain FFMG-349-1-21
ERR12511760	SAMEA115113214	PRJEB71932	Staphylococcus aureus	2024-01-20	ILLUMINA	NextSeq 550	WGS	RANDOM	GENOMIC	Tanzania	2021		6.8 S 37.7 E	Homo sapiens	Staphylococcus aureus ST8 strain FFMG-480-10-21
ERR12511761	SAMEA115113215	PRJEB71932	Staphylococcus aureus	2024-01-20	ILLUMINA	NextSeq 550	WGS	RANDOM	GENOMIC	Tanzania	2021	blood	6.8 S 37.7 E	Homo sapiens	Staphylococcus aureus ST8 strain FFMG-489-11-21-SA
ERR12511762	SAMEA115113216	PRJEB71932	Staphylococcus aureus	2024-01-20	ILLUMINA	NextSeq 550	WGS	RANDOM	GENOMIC	Tanzania	2021	wound swab	6.8 S 37.7 E	Homo sapiens	Staphylococcus aureus ST152 strain FFMG-508-05-21-SA
ERR12511763	SAMEA115113217	PRJEB71932	Staphylococcus aureus	2024-01-20	ILLUMINA	NextSeq 550	WGS	RANDOM	GENOMIC	Tanzania	2021	blood	6.8 S 37.7 E	Homo sapiens	Staphylococcus aureus strain FFMG-524-06-21
ERR12511766	SAMEA115113220	PRJEB71932	Staphylococcus aureus	2024-01-20	ILLUMINA	NextSeq 550	WGS	RANDOM	GENOMIC	Tanzania	2021		6.8 S 37.7 E	Homo sapiens	Staphylococcus aureus ST8 strain FFMG-529-10-21
ERR12511767	SAMEA115113221	PRJEB71932	Staphylococcus aureus	2024-01-20	ILLUMINA	NextSeq 550	WGS	RANDOM	GENOMIC	Tanzania	2021	blood	6.8 S 37.7 E	Homo sapiens	Staphylococcus aureus ST8 strain FFMG-55-7-21B-S-CO
ERR12511768	SAMEA115113222	PRJEB71932	Staphylococcus aureus	2024-01-20	ILLUMINA	NextSeq 550	WGS	RANDOM	GENOMIC	Tanzania	2021	wound swab	6.8 S 37.7 E	Homo sapiens	Staphylococcus aureus ST8 strain FFMG-569-7-21
ERR12511769	SAMEA115113223	PRJEB71932	Staphylococcus aureus	2024-01-20	ILLUMINA	NextSeq 550	WGS	RANDOM	GENOMIC	Tanzania	2021	wound swab	6.8 S 37.7 E	Homo sapiens	Staphylococcus aureus ST152 strain FFMG-586-4-21
ERR12511776	SAMEA115113230	PRJEB71932	Staphylococcus aureus	2024-01-20	ILLUMINA	NextSeq 550	WGS	RANDOM	GENOMIC	Tanzania	2021	urine	6.8 S 37.7 E	Homo sapiens	Staphylococcus aureus ST8 strain FFMG-672-2-21-ST
ERR12511781	SAMEA115113235	PRJEB71932	Staphylococcus aureus	2024-01-20	ILLUMINA	NextSeq 550	WGS	RANDOM	GENOMIC	Tanzania	2021	urine	6.8 S 37.7 E	Homo sapiens	Staphylococcus aureus ST152 strain FFMG-754-10-21
ERR12511783	SAMEA115113237	PRJEB71932	Staphylococcus aureus	2024-01-20	ILLUMINA	NextSeq 550	WGS	RANDOM	GENOMIC	Tanzania	2021	wound swab	6.8 S 37.7 E	Homo sapiens	Staphylococcus aureus ST152 strain FFMG-829-1-21
ERR12511785	SAMEA115113239	PRJEB71932	Staphylococcus aureus	2024-01-20	ILLUMINA	NextSeq 550	WGS	RANDOM	GENOMIC	Tanzania	2021	wound swab	6.8 S 37.7 E	Homo sapiens	Staphylococcus aureus strain FFMG-884-12-21
ERR12511786	SAMEA115113240	PRJEB71932	Staphylococcus aureus	2024-01-20	ILLUMINA	NextSeq 550	WGS	RANDOM	GENOMIC	Tanzania	2021	urine	6.8 S 37.7 E	Homo sapiens	Staphylococcus aureus ST8 strain FFMG-897-05-21-SA
ERR12511792	SAMEA115113246	PRJEB71932	Staphylococcus aureus	2024-01-20	ILLUMINA	NextSeq 550	WGS	RANDOM	GENOMIC	Tanzania	2021		5.0 S 32.8 E	Homo sapiens	Staphylococcus aureus ST8 strain FFTB-23493
ERR12511793	SAMEA115113247	PRJEB71932	Staphylococcus aureus	2024-01-20	ILLUMINA	NextSeq 550	WGS	RANDOM	GENOMIC	Tanzania	2021	urine	5.0 S 32.8 E	Homo sapiens	Staphylococcus aureus ST8 strain FFTB-24948
ERR12511795	SAMEA115113249	PRJEB71932	Staphylococcus aureus	2024-01-20	ILLUMINA	NextSeq 550	WGS	RANDOM	GENOMIC	Tanzania	2021		5.0 S 32.8 E	Homo sapiens	Staphylococcus aureus ST152 strain FFTB-25677
ERR12511796	SAMEA115113250	PRJEB71932	Staphylococcus aureus	2024-01-20	ILLUMINA	NextSeq 550	WGS	RANDOM	GENOMIC	Tanzania	2021		5.0 S 32.8 E	Homo sapiens	Staphylococcus aureus ST8 strain FFTB-26923
ERR12511797	SAMEA115113251	PRJEB71932	Staphylococcus aureus	2024-01-20	ILLUMINA	NextSeq 550	WGS	RANDOM	GENOMIC	Tanzania	2021	urine	5.0 S 32.8 E	Homo sapiens	Staphylococcus aureus ST8 strain FFTB-26992
ERR12511801	SAMEA115113255	PRJEB71932	Staphylococcus aureus	2024-01-20	ILLUMINA	NextSeq 550	WGS	RANDOM	GENOMIC	Tanzania	2021	wound swab	5.0 S 32.8 E	Homo sapiens	Staphylococcus aureus strain FFTB-32621
ERR12511804	SAMEA115113258	PRJEB71932	Staphylococcus aureus	2024-01-20	ILLUMINA	NextSeq 550	WGS	RANDOM	GENOMIC	Tanzania	2021	wound swab	5.0 S 32.8 E	Homo sapiens	Staphylococcus aureus ST152 strain FFTB-42759
ERR12511805	SAMEA115113259	PRJEB71932	Staphylococcus aureus	2024-01-20	ILLUMINA	NextSeq 550	WGS	RANDOM	GENOMIC	Tanzania	2021	wound swab	5.0 S 32.8 E	Homo sapiens	Staphylococcus aureus ST152 strain FFTB-45177
ERR12511808	SAMEA115113262	PRJEB71932	Staphylococcus aureus	2024-01-20	ILLUMINA	NextSeq 550	WGS	RANDOM	GENOMIC	Tanzania	2021	HVS	5.0 S 32.8 E	Homo sapiens	Staphylococcus aureus STnov strain FFTB-48626SA
ERR12511810	SAMEA115113264	PRJEB71932	Staphylococcus aureus	2024-01-20	ILLUMINA	NextSeq 550	WGS	RANDOM	GENOMIC	Tanzania	2021	wound swab	5.0 S 32.8 E	Homo sapiens	Staphylococcus aureus STnov strain FFTB-52245
ERR12511814	SAMEA115113268	PRJEB71932	Staphylococcus aureus	2024-01-20	ILLUMINA	NextSeq 550	WGS	RANDOM	GENOMIC	Tanzania	2021	blood	6.2 S 39.3 E	Homo sapiens	Staphylococcus aureus ST121 strain FFZB-101
ERR12511819	SAMEA115113273	PRJEB71932	Staphylococcus aureus	2024-01-20	ILLUMINA	Illumina MiSeq	WGS	RANDOM	GENOMIC	Tanzania	2021	blood	6.2 S 39.3 E	Homo sapiens	Staphylococcus aureus strain FFZB-129
ERR12511824	SAMEA115113278	PRJEB71932	Staphylococcus aureus	2024-01-20	ILLUMINA	Illumina MiSeq	WGS	RANDOM	GENOMIC	Tanzania	2021	wound swab	6.2 S 39.3 E	Homo sapiens	Staphylococcus aureus strain FFZB-149
ERR12511828	SAMEA115113282	PRJEB71932	Staphylococcus aureus	2024-01-20	ILLUMINA	NextSeq 550	WGS	RANDOM	GENOMIC	Tanzania	2021	wound swab	6.2 S 39.3 E	Homo sapiens	Staphylococcus aureus ST121 strain FFZB-160-A
ERR12511838	SAMEA115113292	PRJEB71932	Staphylococcus aureus	2024-01-20	ILLUMINA	NextSeq 550	WGS	RANDOM	GENOMIC	Tanzania	2021	wound swab	6.2 S 39.3 E	Homo sapiens	Staphylococcus aureus ST8 strain FFZB-48-3-B
ERR12511843	SAMEA115113297	PRJEB71932	Staphylococcus aureus	2024-01-20	ILLUMINA	NextSeq 550	WGS	RANDOM	GENOMIC	Tanzania	2021	wound swab	6.2 S 39.3 E	Homo sapiens	Staphylococcus aureus strain FFZB-66
ERR12511845	SAMEA115113299	PRJEB71932	Staphylococcus aureus	2024-01-20	ILLUMINA	NextSeq 550	WGS	RANDOM	GENOMIC	Tanzania	2021	wound swab	6.2 S 39.3 E	Homo sapiens	Staphylococcus aureus ST8 strain FFZB-77
ERR12511849	SAMEA115113303	PRJEB71932	Staphylococcus aureus	2024-01-20	ILLUMINA	NextSeq 550	WGS	RANDOM	GENOMIC	Tanzania	2021	wound swab	6.2 S 39.3 E	Homo sapiens	Staphylococcus aureus strain FFZB-96
ERR12511850	SAMEA115113304	PRJEB71932	Staphylococcus aureus	2024-01-20	ILLUMINA	NextSeq 550	WGS	RANDOM	GENOMIC	Tanzania	2021	blood	6.2 S 39.3 E	Homo sapiens	Staphylococcus aureus ST121 strain FFZB-99
ERR10898704	SAMEA112648780	PRJEB59926	Staphylococcus aureus	2023-04-28	ILLUMINA	NextSeq 500	WGS	RANDOM	GENOMIC	Tanzania	2017-10-10	milk	6.4422075 S 38.9062189 E	Bos taurus	BC00102
ERR10898938	SAMEA112648785	PRJEB59926	Staphylococcus aureus	2023-04-28	ILLUMINA	NextSeq 500	WGS	RANDOM	GENOMIC	Tanzania	2017-10-10	milk	6.4422075 S 38.9062189 E	Bos taurus	BC00108
ERR10899007	SAMEA112648786	PRJEB59926	Staphylococcus aureus	2023-04-28	ILLUMINA	NextSeq 500	WGS	RANDOM	GENOMIC	Tanzania	2017-10-10	milk	6.4422075 S 38.9062189 E	Bos taurus	BC00110
ERR10899262	SAMEA112648791	PRJEB59926	Staphylococcus aureus	2023-04-28	ILLUMINA	NextSeq 500	WGS	RANDOM	GENOMIC	Tanzania	2017-10-11	milk	6.4422075 S 38.9062189 E	Bos taurus	BC00211
ERR10899329	SAMEA112648793	PRJEB59926	Staphylococcus aureus	2023-04-28	ILLUMINA	NextSeq 500	WGS	RANDOM	GENOMIC	Tanzania	2017-10-12	milk	6.4422075 S 38.9062189 E	Bos taurus	BC00304
ERR10899421	SAMEA112648795	PRJEB59926	Staphylococcus aureus	2023-04-28	ILLUMINA	NextSeq 500	WGS	RANDOM	GENOMIC	Tanzania	2017-10-14	milk	6.4422075 S 38.9062189 E	Bos taurus	BC00406
ERR10899548	SAMEA112648799	PRJEB59926	Staphylococcus aureus	2023-04-28	ILLUMINA	NextSeq 500	WGS	RANDOM	GENOMIC	Tanzania	2017-09-17	nasal swab	6.4422075 S 38.9062189 E	Homo sapiens	HB00604
ERR10899616	SAMEA112648802	PRJEB59926	Staphylococcus aureus	2023-04-28	ILLUMINA	NextSeq 500	WGS	RANDOM	GENOMIC	Tanzania	2017-11-28	milk	7.0842931 S 37.4232686 E	Bos taurus	MC00114-1
ERR10900213	SAMEA112648816	PRJEB59926	Staphylococcus aureus	2023-04-28	ILLUMINA	NextSeq 500	WGS	RANDOM	GENOMIC	Tanzania	2017-09-18	milk	5.202134 S 38.2275548 E	Bos taurus	TC00522
ERR10900217	SAMEA112648817	PRJEB59926	Staphylococcus aureus	2023-04-28	ILLUMINA	NextSeq 500	WGS	RANDOM	GENOMIC	Tanzania	2017-09-18	milk	5.202134 S 38.2275548 E	Bos taurus	TC00523
ERR10900220	SAMEA112648819	PRJEB59926	Staphylococcus aureus	2023-04-28	ILLUMINA	NextSeq 500	WGS	RANDOM	GENOMIC	Tanzania	2019-04-10	nasal swab	6.8199243 S 39.2859995 E	Homo sapiens	DADST030
ERR10900229	SAMEA112648825	PRJEB59926	Staphylococcus aureus	2023-04-28	ILLUMINA	NextSeq 500	WGS	RANDOM	GENOMIC	Tanzania	2017-10-10	milk	6.4422075 S 38.9062189 E	Bos taurus	BC00115
ERR10900230	SAMEA112648826	PRJEB59926	Staphylococcus aureus	2023-04-28	ILLUMINA	NextSeq 500	WGS	RANDOM	GENOMIC	Tanzania	2017-10-12	milk	6.4422075 S 38.9062189 E	Bos taurus	BC00306
ERR10900233	SAMEA112648827	PRJEB59926	Staphylococcus aureus	2023-04-28	ILLUMINA	NextSeq 500	WGS	RANDOM	GENOMIC	Tanzania	2017-10-14	nasal swab	6.4422075 S 38.9062189 E	Homo sapiens	BH00403
ERR10900234	SAMEA112648828	PRJEB59926	Staphylococcus aureus	2023-04-28	ILLUMINA	NextSeq 500	WGS	RANDOM	GENOMIC	Tanzania	2019-04-10	nasal swab	6.8199243 S 39.2859995 E	Homo sapiens	DADST045
ERR10900237	SAMEA112648829	PRJEB59926	Staphylococcus aureus	2023-04-28	ILLUMINA	NextSeq 500	WGS	RANDOM	GENOMIC	Tanzania	2019-04-12	nasal swab	6.8199243 S 39.2859995 E	Homo sapiens	DADST084
ERR10900238	SAMEA112648830	PRJEB59926	Staphylococcus aureus	2023-04-28	ILLUMINA	NextSeq 500	WGS	RANDOM	GENOMIC	Tanzania	2019-04-12	nasal swab	6.8199243 S 39.2859995 E	Homo sapiens	DADST088
ERR10900239	SAMEA112648831	PRJEB59926	Staphylococcus aureus	2023-04-28	ILLUMINA	NextSeq 500	WGS	RANDOM	GENOMIC	Tanzania	2017-11-30	nasal swab	6.4422075 S 38.9062189 E	Homo sapiens	HK2002
ERR10900242	SAMEA112648832	PRJEB59926	Staphylococcus aureus	2023-04-28	ILLUMINA	NextSeq 500	WGS	RANDOM	GENOMIC	Tanzania	2017-09-17	milk	5.202134 S 38.2275548 E	Bos taurus	TC00219
ERR10900246	SAMEA112648833	PRJEB59926	Staphylococcus aureus	2023-04-28	ILLUMINA	NextSeq 500	WGS	RANDOM	GENOMIC	Tanzania	2017-09-18	milk	5.202134 S 38.2275548 E	Bos taurus	TC00402
ERR10900251	SAMEA112648836	PRJEB59926	Staphylococcus aureus	2023-04-28	ILLUMINA	NextSeq 500	WGS	RANDOM	GENOMIC	Tanzania	2019-04-10	nasal swab	6.8199243 S 39.2859995 E	Homo sapiens	DADST001
ERR10900256	SAMEA112648839	PRJEB59926	Staphylococcus aureus	2023-04-28	ILLUMINA	NextSeq 500	WGS	RANDOM	GENOMIC	Tanzania	2019-04-15	nasal swab	6.8199243 S 39.2859995 E	Homo sapiens	DADST053
ERR10900257	SAMEA112648840	PRJEB59926	Staphylococcus aureus	2023-04-28	ILLUMINA	NextSeq 500	WGS	RANDOM	GENOMIC	Tanzania	2019-04-15	nasal swab	6.8199243 S 39.2859995 E	Homo sapiens	DADST067
ERR10900258	SAMEA112648841	PRJEB59926	Staphylococcus aureus	2023-04-28	ILLUMINA	NextSeq 500	WGS	RANDOM	GENOMIC	Tanzania	2019-04-12	nasal swab	6.8199243 S 39.2859995 E	Homo sapiens	DADST091
ERR1143397	SAMEA3671710	PRJEB11627	Staphylococcus aureus	2016-02-05	ILLUMINA	Illumina MiSeq	WGS	RANDOM	GENOMIC	Tanzania	2011			Homo sapiens	ITN011
ERR1143401	SAMEA3671714	PRJEB11627	Staphylococcus aureus	2016-02-05	ILLUMINA	Illumina MiSeq	WGS	RANDOM	GENOMIC	Tanzania	2011			Homo sapiens	ITN019
ERR1143404	SAMEA3671716	PRJEB11627	Staphylococcus aureus	2016-02-05	ILLUMINA	Illumina MiSeq	WGS	RANDOM	GENOMIC	Tanzania	2011			Homo sapiens	ITN026
ERR1143411	SAMEA3671722	PRJEB11627	Staphylococcus aureus	2016-02-05	ILLUMINA	Illumina MiSeq	WGS	RANDOM	GENOMIC	Tanzania	2011			Homo sapiens	ITN060
ERR1143413	SAMEA3671724	PRJEB11627	Staphylococcus aureus	2016-02-05	ILLUMINA	Illumina MiSeq	WGS	RANDOM	GENOMIC	Tanzania	2011			Homo sapiens	ITN067
ERR1143417	SAMEA3671728	PRJEB11627	Staphylococcus aureus	2016-02-05	ILLUMINA	Illumina MiSeq	WGS	RANDOM	GENOMIC	Tanzania	2011			Homo sapiens	ITN095
ERR1143418	SAMEA3671729	PRJEB11627	Staphylococcus aureus	2016-02-05	ILLUMINA	Illumina MiSeq	WGS	RANDOM	GENOMIC	Tanzania	2011			Homo sapiens	ITO005
ERR1143419	SAMEA3671730	PRJEB11627	Staphylococcus aureus	2016-02-05	ILLUMINA	Illumina MiSeq	WGS	RANDOM	GENOMIC	Tanzania	2011			Homo sapiens	ITO009
ERR1143422	SAMEA3671733	PRJEB11627	Staphylococcus aureus	2016-02-05	ILLUMINA	Illumina MiSeq	WGS	RANDOM	GENOMIC	Tanzania	2011			Homo sapiens	ITO042
ERR1143423	SAMEA3671734	PRJEB11627	Staphylococcus aureus	2016-02-05	ILLUMINA	Illumina MiSeq	WGS	RANDOM	GENOMIC	Tanzania	2011			Homo sapiens	ITO044
ERR1143426	SAMEA3671734	PRJEB11627	Staphylococcus aureus	2016-02-05	ILLUMINA	Illumina MiSeq	WGS	RANDOM	GENOMIC	Tanzania	2011			Homo sapiens	ITO044
ERR1143427	SAMEA3671735	PRJEB11627	Staphylococcus aureus	2016-02-05	ILLUMINA	Illumina MiSeq	WGS	RANDOM	GENOMIC	Tanzania	2012			Homo sapiens	ITO051
ERR1143428	SAMEA3671736	PRJEB11627	Staphylococcus aureus	2016-02-05	ILLUMINA	Illumina MiSeq	WGS	RANDOM	GENOMIC	Tanzania	2012			Homo sapiens	ITO055
ERR1143430	SAMEA3671738	PRJEB11627	Staphylococcus aureus	2016-02-05	ILLUMINA	Illumina MiSeq	WGS	RANDOM	GENOMIC	Tanzania	2012			Homo sapiens	ITO058
ERR12076611	SAMEA112648784	PRJEB59926	Staphylococcus aureus	2023-09-26	OXFORD_NANOPORE	GridION	WGS	RANDOM	GENOMIC	Tanzania	2017-10-10	milk	6.4422075 S 38.9062189 E	Bos taurus	BC00107
ERR12533303	SAMEA115121762	PRJEB71989	Staphylococcus aureus	2024-01-26	OXFORD_NANOPORE	GridION	WGA	RANDOM	GENOMIC	Tanzania	2023				Staphylococcus aureus isolate
ERR12916295	SAMEA115496998	PRJEB75012	Staphylococcus aureus	2024-04-17	ILLUMINA	NextSeq 550	WGS	RANDOM	GENOMIC	Tanzania	2022	chronic leg ulcer	3.32 S 37.33 E	Homo sapiens	Staphylococcus aureus ST8 strain SOMR-OS006DB
ERR12916297	SAMEA115497000	PRJEB75012	Staphylococcus aureus	2024-04-17	ILLUMINA	NextSeq 550	WGS	RANDOM	GENOMIC	Tanzania	2022	chronic leg ulcer	3.35 S 37.34 E	Homo sapiens	Staphylococcus aureus strain SOMR-OS007M
ERR12916300	SAMEA115497003	PRJEB75012	Staphylococcus aureus	2024-04-17	ILLUMINA	NextSeq 550	WGS	RANDOM	GENOMIC	Tanzania	2022	chronic leg ulcer	3.32 S 37.33 E	Homo sapiens	Staphylococcus aureus strain SOMR-OS009K
ERR4626525	SAMEA7340489	PRJEB40321	Staphylococcus aureus	2020-10-15	ILLUMINA	NextSeq 500	WGS	RANDOM	GENOMIC	Tanzania					TZ_2011_1
ERR4626527	SAMEA7340491	PRJEB40321	Staphylococcus aureus	2020-10-15	ILLUMINA	NextSeq 500	WGS	RANDOM	GENOMIC	Tanzania					TZ_2011_3
ERR4626528	SAMEA7340492	PRJEB40321	Staphylococcus aureus	2020-10-15	ILLUMINA	NextSeq 500	WGS	RANDOM	GENOMIC	Tanzania					TZ_2011_4
ERR490572	SAMEA2298700	PRJEB2655	Staphylococcus aureus	2014-04-28	ILLUMINA	Illumina HiSeq 2000	WGS	RANDOM	GENOMIC	Tanzania	2009	Blood		Homo sapiens	12291_8#1
ERR490578	SAMEA2298706	PRJEB2655	Staphylococcus aureus	2014-04-28	ILLUMINA	Illumina HiSeq 2000	WGS	RANDOM	GENOMIC	Tanzania	2008	Wound		Homo sapiens	12291_8#7
ERR490580	SAMEA2298708	PRJEB2655	Staphylococcus aureus	2014-04-28	ILLUMINA	Illumina HiSeq 2000	WGS	RANDOM	GENOMIC	Tanzania	2012	Wound		Homo sapiens	12291_8#9
ERR490584	SAMEA2298712	PRJEB2655	Staphylococcus aureus	2014-04-28	ILLUMINA	Illumina HiSeq 2000	WGS	RANDOM	GENOMIC	Tanzania	2008	Nasal		Homo sapiens	12291_8#13
ERR490588	SAMEA2298716	PRJEB2655	Staphylococcus aureus	2014-04-28	ILLUMINA	Illumina HiSeq 2000	WGS	RANDOM	GENOMIC	Tanzania	2012	Wound		Homo sapiens	12291_8#17
ERR490594	SAMEA2298722	PRJEB2655	Staphylococcus aureus	2014-04-28	ILLUMINA	Illumina HiSeq 2000	WGS	RANDOM	GENOMIC	Tanzania	2008	Nasal		Homo sapiens	12291_8#23
ERR490595	SAMEA2298723	PRJEB2655	Staphylococcus aureus	2014-04-28	ILLUMINA	Illumina HiSeq 2000	WGS	RANDOM	GENOMIC	Tanzania	2008	Wound		Homo sapiens	12291_8#24
ERR490599	SAMEA2298727	PRJEB2655	Staphylococcus aureus	2014-04-28	ILLUMINA	Illumina HiSeq 2000	WGS	RANDOM	GENOMIC	Tanzania	2013	Nasal		Homo sapiens	12291_8#28
ERR490604	SAMEA2298732	PRJEB2655	Staphylococcus aureus	2014-04-28	ILLUMINA	Illumina HiSeq 2000	WGS	RANDOM	GENOMIC	Tanzania	2008	Wound		Homo sapiens	12291_8#33
ERR490608	SAMEA2298736	PRJEB2655	Staphylococcus aureus	2014-04-28	ILLUMINA	Illumina HiSeq 2000	WGS	RANDOM	GENOMIC	Tanzania	2012	Wound		Homo sapiens	12291_8#37
ERR490612	SAMEA2298740	PRJEB2655	Staphylococcus aureus	2014-04-28	ILLUMINA	Illumina HiSeq 2000	WGS	RANDOM	GENOMIC	Tanzania	2012	Wound		Homo sapiens	12291_8#41
ERR490615	SAMEA2298743	PRJEB2655	Staphylococcus aureus	2014-04-28	ILLUMINA	Illumina HiSeq 2000	WGS	RANDOM	GENOMIC	Tanzania	2013	Aspirate		Homo sapiens	12291_8#44
ERR490623	SAMEA2298751	PRJEB2655	Staphylococcus aureus	2014-04-28	ILLUMINA	Illumina HiSeq 2000	WGS	RANDOM	GENOMIC	Tanzania	2013	Wound		Homo sapiens	12291_8#52
ERR490630	SAMEA2298758	PRJEB2655	Staphylococcus aureus	2014-04-28	ILLUMINA	Illumina HiSeq 2000	WGS	RANDOM	GENOMIC	Tanzania	2008	Wound		Homo sapiens	12291_8#59
ERR505338	SAMEA2298700	PRJEB2655	Staphylococcus aureus	2014-05-19	ILLUMINA	Illumina HiSeq 2000	WGS	RANDOM	GENOMIC	Tanzania	2009	Blood		Homo sapiens	12291_8#1
ERR505343	SAMEA2298705	PRJEB2655	Staphylococcus aureus	2014-05-19	ILLUMINA	Illumina HiSeq 2000	WGS	RANDOM	GENOMIC	Tanzania	2008	Nasal		Homo sapiens	12291_8#6
ERR505346	SAMEA2298708	PRJEB2655	Staphylococcus aureus	2014-05-19	ILLUMINA	Illumina HiSeq 2000	WGS	RANDOM	GENOMIC	Tanzania	2012	Wound		Homo sapiens	12291_8#9
ERR505347	SAMEA2298709	PRJEB2655	Staphylococcus aureus	2014-05-19	ILLUMINA	Illumina HiSeq 2000	WGS	RANDOM	GENOMIC	Tanzania	2008	Wound		Homo sapiens	12291_8#10
ERR505351	SAMEA2298713	PRJEB2655	Staphylococcus aureus	2014-05-19	ILLUMINA	Illumina HiSeq 2000	WGS	RANDOM	GENOMIC	Tanzania	2008	Wound		Homo sapiens	12291_8#14
ERR505360	SAMEA2298722	PRJEB2655	Staphylococcus aureus	2014-05-19	ILLUMINA	Illumina HiSeq 2000	WGS	RANDOM	GENOMIC	Tanzania	2008	Nasal		Homo sapiens	12291_8#23
ERR505365	SAMEA2298727	PRJEB2655	Staphylococcus aureus	2014-05-19	ILLUMINA	Illumina HiSeq 2000	WGS	RANDOM	GENOMIC	Tanzania	2013	Nasal		Homo sapiens	12291_8#28
ERR505370	SAMEA2298732	PRJEB2655	Staphylococcus aureus	2014-05-19	ILLUMINA	Illumina HiSeq 2000	WGS	RANDOM	GENOMIC	Tanzania	2008	Wound		Homo sapiens	12291_8#33
ERR505372	SAMEA2298734	PRJEB2655	Staphylococcus aureus	2014-05-19	ILLUMINA	Illumina HiSeq 2000	WGS	RANDOM	GENOMIC	Tanzania	2008	Wound		Homo sapiens	12291_8#35
ERR505374	SAMEA2298736	PRJEB2655	Staphylococcus aureus	2014-05-19	ILLUMINA	Illumina HiSeq 2000	WGS	RANDOM	GENOMIC	Tanzania	2012	Wound		Homo sapiens	12291_8#37
ERR505381	SAMEA2298743	PRJEB2655	Staphylococcus aureus	2014-05-19	ILLUMINA	Illumina HiSeq 2000	WGS	RANDOM	GENOMIC	Tanzania	2013	Aspirate		Homo sapiens	12291_8#44
ERR505392	SAMEA2298754	PRJEB2655	Staphylococcus aureus	2014-05-19	ILLUMINA	Illumina HiSeq 2000	WGS	RANDOM	GENOMIC	Tanzania	2013	Wound		Homo sapiens	12291_8#55
ERR505398	SAMEA2298760	PRJEB2655	Staphylococcus aureus	2014-05-19	ILLUMINA	Illumina HiSeq 2000	WGS	RANDOM	GENOMIC	Tanzania	2013	Wound		Homo sapiens	12291_8#61
ERR829968	SAMEA3109318	PRJEB2655	Staphylococcus aureus	2015-03-24	ILLUMINA	Illumina HiSeq 2000	WGS	RANDOM	GENOMIC	Tanzania	2014	Nasal		Homo sapiens	15056_7#52
ERR829969	SAMEA3109319	PRJEB2655	Staphylococcus aureus	2015-03-24	ILLUMINA	Illumina HiSeq 2000	WGS	RANDOM	GENOMIC	Tanzania	2014	Nasal		Homo sapiens	15056_7#53
ERR829973	SAMEA3109323	PRJEB2655	Staphylococcus aureus	2015-03-24	ILLUMINA	Illumina HiSeq 2000	WGS	RANDOM	GENOMIC	Tanzania	2014	Nasal		Homo sapiens	15056_7#57
ERR829978	SAMEA3109328	PRJEB2655	Staphylococcus aureus	2015-03-24	ILLUMINA	Illumina HiSeq 2000	WGS	RANDOM	GENOMIC	Tanzania	2014	Nasal		Homo sapiens	15056_7#62
ERR829982	SAMEA3109332	PRJEB2655	Staphylococcus aureus	2015-03-24	ILLUMINA	Illumina HiSeq 2000	WGS	RANDOM	GENOMIC	Tanzania	2014	Nasal		Homo sapiens	15056_7#66
ERR829984	SAMEA3109334	PRJEB2655	Staphylococcus aureus	2015-03-24	ILLUMINA	Illumina HiSeq 2000	WGS	RANDOM	GENOMIC	Tanzania	2014	Perineal		Sus scrofa	15056_7#68
ERR829987	SAMEA3109337	PRJEB2655	Staphylococcus aureus	2015-03-24	ILLUMINA	Illumina HiSeq 2000	WGS	RANDOM	GENOMIC	Tanzania	2014	Nasal		Homo sapiens	15056_7#71
